accession	uniprot_accession	source_database	source_release	organism	lifestyle	length	cysteine_count	cysteine_fraction	publication_year	functional_evidence	experiment	q4_tool_independent	sequence_sha256
A0A023UJQ9		PEACE curated positives; PHI-base; Predector confirmed set	3d2a591fadbe7c398c1ac398371b3b2610a60d46; 90b8fc902f0b444e7f21adf75dae41a05931cc5f; v4.19	Fulvia fulva; Passalora fulva	biotroph	103	10	0.097087	2014	hypersensitive response assay	Functional test in host: transient expression; PEACE source memberships: EffHunter_positive;EffectorP_1.0;EffectorP_2.0;EffectorP_3.0_positives;FunEffector-Pred;Predector_positive_sequences;WideEffHunter;fungtion_positive_sequences; Predector literature record	yes	7e6fcc7b2548749c3a69a8aef24c6f728cd16b9f01060193d7779d9b6326a268
A0A059UDR8		PEACE curated positives; Predector confirmed set	3d2a591fadbe7c398c1ac398371b3b2610a60d46; 90b8fc902f0b444e7f21adf75dae41a05931cc5f	Blumeria graminis f. sp. hordei	biotroph	316	8	0.025316	2015	validated host-target interaction	PEACE source memberships: EffectorP_2.0_validation;EffectorP_3.0_positives;FunEffector-Pred;Predector_positive_sequences;WideEffHunter;fungtion_positive_sequences; Predector literature record	no	2f254bbfd196df89793cfbbf7334bc33f6c0d1639602a8d60948ffca0ceea52a
A0A061HK55		PHI-base	v4.19	Blumeria graminis	biotroph	147	2	0.013605	2020	hypersensitive response assay	Altered gene expression / gene regulation: silencing; other evidence: transgenic plants	yes	3bd22b7b369a366554dd916fb8a53ecc0ed6a581bbb04216fde52f3ad82bad7b
A0A061HMY2		PHI-base	v4.19	Blumeria graminis	biotroph	145	3	0.020690	2020	hypersensitive response assay	Altered gene expression / gene regulation: silencing; other evidence: transgenic plants	yes	10d14a85d5d252707420419f1b8e470b09c5fb651d4ec4e8d81eff39675c2764
A0A063BYC9		PHI-base	v4.19	Ustilaginoidea virens	unknown	415	7	0.016867	2025	hypersensitive response assay	Gene deletion: full ; gene complementation	yes	3e872a3cd61d92271cbd07814a7bac0742c9ee3d65533a45551ada0dc9178cb9
A0A063CBJ7	A0A063CBJ7	PEACE curated positives; PHI-base	90b8fc902f0b444e7f21adf75dae41a05931cc5f; v4.19	Ustilaginoidea virens; Ustilaginoidea virens (Rice false smut fungus) (Villosiclava virens)	unknown	130	4	0.030769	2019	hypersensitive response assay	Other evidence: transgenic plants; PEACE source memberships: fungtion_positive_sequences	yes	1af62c7ba619e03d7672340f86b118252d6094a11303744768f0851264c74df6
A0A0A0S3X0		PEACE curated positives; PHI-base; Predector confirmed set	3d2a591fadbe7c398c1ac398371b3b2610a60d46; 90b8fc902f0b444e7f21adf75dae41a05931cc5f; v4.19	Leptosphaeria maculans	hemibiotroph	232	8	0.034483	2014	hypersensitive response assay	Functional test in host: transient expression; PEACE source memberships: EffectorP_2.0_validation;EffectorP_3.0_positives;FunEffector-Pred;Predector_positive_sequences;WideEffHunter;fungtion_positive_sequences; Predector literature record	yes	762e561cfaeca41cf3b7fa0a75bfe500fc6768a1683f8f1dfffae4eb36e4a9aa
A0A0A2I2M6		PHI-base	v4.19	Penicillium expansum	unknown	366	5	0.013661	2023	hypersensitive response assay	Gene deletion: full	yes	6efd9a84e3b3e311d80b2c133a4a565bfb3caade7b04bcc92468e279d33232c1
A0A0A2ILW0	A0A0A2ILW0	PEACE curated positives; PHI-base	90b8fc902f0b444e7f21adf75dae41a05931cc5f; v4.19	Penicillium expansum; Penicillium expansum (Blue mold rot fungus)	unknown	422	11	0.026066	2017	hypersensitive response assay	Gene deletion: full; PEACE source memberships: EffectorP_3.0_positives;FunEffector-Pred;WideEffHunter;fungtion_positive_sequences	yes	29dc6619bc4b1691cba15fc7ad178a8779e39aed989fd05cb8376edbac139329
A0A0A2JB06	A0A0A2JB06	PEACE curated positives; PHI-base	90b8fc902f0b444e7f21adf75dae41a05931cc5f; v4.19	Penicillium expansum; Penicillium expansum (Blue mold rot fungus)	unknown	542	25	0.046125	2017	hypersensitive response assay	Gene deletion: full; PEACE source memberships: FunEffector-Pred;WideEffHunter;fungtion_positive_sequences	yes	838caa692ee37f401fca1f9baae467406d8c98046a96f477ec5a90980f539970
A0A0A2JJP9		PHI-base	v4.19	Penicillium expansum	unknown	297	8	0.026936	2025	hypersensitive response assay	Gene deletion: full	yes	cc804106a57ca37b24ef644d1d7f6433abf9ed52bed857ef9d9cc09a07ecac10
A0A0A2JVC2	A0A0A2JVC2	PEACE curated positives; PHI-base	90b8fc902f0b444e7f21adf75dae41a05931cc5f; v4.19	Penicillium expansum; Penicillium expansum (Blue mold rot fungus)	unknown	344	16	0.046512	2017	hypersensitive response assay	Gene deletion: full; PEACE source memberships: FunEffector-Pred;WideEffHunter;fungtion_positive_sequences	yes	a8687c6775c9b3adb0fe2fa7b6458156d6ffb84ac03aba15531e138ad5697a87
A0A0A2JY92	A0A0A2JY92	PEACE curated positives; PHI-base	90b8fc902f0b444e7f21adf75dae41a05931cc5f; v4.19	Penicillium expansum; Penicillium expansum (Blue mold rot fungus)	unknown	316	16	0.050633	2017	hypersensitive response assay	Gene deletion: full; PEACE source memberships: FunEffector-Pred;WideEffHunter;fungtion_positive_sequences	yes	afc7a6586e6c0261900c1eb27bb22a45d077eaf1610541953b4f33b02e9d0e50
A0A0A2KIK6		PHI-base	v4.19	Penicillium italicum	unknown	303	9	0.029703	2022	hypersensitive response assay	Gene deletion: full ; gene complementation	yes	740d4da785f89ea17d94ea9a39944087bf4578e145492c77bc1be20545615f12
A0A0A7DLN4		PEACE curated positives; PHI-base	90b8fc902f0b444e7f21adf75dae41a05931cc5f; v4.19	Magnaporthe oryzae	hemibiotroph	72	4	0.055556	2015	hypersensitive response assay	Gene disruption; gene complementation; PEACE source memberships: EffHunter_positive;EffectorP_2.0;EffectorP_3.0_positives;FunEffector-Pred;Predector_positive_sequences;WideEffHunter;fungtion_positive_sequences	yes	fb118d39775fa1a1b0a50da502ccc1b93d87aed5ecf5a7d728dc369bf52e21f8
A0A0A7DM22		PEACE curated positives; PHI-base	90b8fc902f0b444e7f21adf75dae41a05931cc5f; v4.19	Magnaporthe oryzae	hemibiotroph	80	0	0.000000	2015	hypersensitive response assay	Gene disruption; gene complementation; PEACE source memberships: EffHunter_positive;EffectorP_2.0;EffectorP_3.0_positives;FunEffector-Pred;Predector_positive_sequences;WideEffHunter;fungtion_positive_sequences	yes	98a5ef1eb402f2364ab034c3a0b540a3749b9298df3b13c6fdaa5cd63140169b
A0A0A7DMM3		PEACE curated positives; PHI-base; Predector confirmed set	3d2a591fadbe7c398c1ac398371b3b2610a60d46; 90b8fc902f0b444e7f21adf75dae41a05931cc5f; v4.19	Magnaporthe oryzae	hemibiotroph	91	6	0.065934	2015	hypersensitive response assay	Gene disruption; gene complementation; PEACE source memberships: EffHunter_positive;EffectorP_2.0;EffectorP_3.0_positives;FunEffector-Pred;Predector_positive_sequences;WideEffHunter;fungtion_positive_sequences; Predector literature record	yes	578f718a275672d04ac9c53c6aaf7072e62d2c0e58c141642cffa3bbcea50bcc
A0A0B5L7L9		PHI-base	v4.19	Sporisorium scitamineum	unknown	176	4	0.022727	2021	hypersensitive response assay	Gene deletion: full	yes	1658f23301a92ab02bae98f28f7280db4046ac5c61e07b100eb3817125a152bb
A0A0C4DI32		PHI-base	v4.19	Fusarium oxysporum	hemibiotroph	155	3	0.019355	2022	hypersensitive response assay	Gene deletion: partial	yes	4d7b5169cd267970c2bec4f0d7c7395baf65d9f1cd519fc6c67f9e65e9dc3f80
A0A0D1BVD8		PHI-base	v4.19	Ustilago maydis	biotroph	218	2	0.009174	2024	hypersensitive response assay	Gene deletion: full ; gene complementation	yes	b527d43dea0a2ad7dedb1bd71c15137150750c518d0496cecc5fae9039ca6446
A0A0D1BVZ6		PHI-base	v4.19	Ustilago maydis	biotroph	381	1	0.002625	2024	hypersensitive response assay	Gene deletion: full	yes	bb0d993fd2c625ebc0600498eec80600096e44d9ca97acc5ff9453f31780481d
A0A0D1C393		PHI-base	v4.19	Ustilago maydis	biotroph	398	1	0.002513	2024	hypersensitive response assay	Gene deletion: full	yes	96cb405e14aae65a39e802f67a2842fd1ffc7c053d959838ab67a3795a76d6b7
A0A0D1C5E3		PEACE curated positives; PHI-base	90b8fc902f0b444e7f21adf75dae41a05931cc5f; v4.19	Ustilago maydis	biotroph	129	9	0.069767	2018	hypersensitive response assay	Gene mutation; gene complementation; PEACE source memberships: EffectorP_3.0_positives;fungtion_positive_sequences	yes	1d90f7d3b33a734fe96d3de34c9f37c90e7cfd504cc02eb418c8a1e03f2d342c
A0A0D1C6B8		PHI-base	v4.19	Ustilago maydis	biotroph	429	2	0.004662	2022	hypersensitive response assay	Functional test in host: transient expression; gene deletion: full	yes	e39123124757dd826e974dd8ad64f6cb993561b93e8f74396c99437bce142cf9
A0A0D1C6C3		PHI-base	v4.19	Ustilago maydis	biotroph	160	1	0.006250	2022	hypersensitive response assay	Functional test in host: transient expression; gene deletion: full	yes	71207816bfcf052b729e7dce390d9f3e65ee990f064bc12d2daecd3132a68d07
A0A0D1C8C8	A0A0D1C8C8	PEACE curated positives; PHI-base	90b8fc902f0b444e7f21adf75dae41a05931cc5f; v4.19	Mycosarcoma maydis (Corn smut fungus) (Ustilago maydis); Ustilago maydis	biotroph	157	1	0.006369	2024	hypersensitive response assay	Gene deletion: full; PEACE source memberships: EffHunter_positive;EffectorP_2.0;EffectorP_3.0_positives;FunEffector-Pred;Predector_positive_sequences;WideEffHunter;fungtion_positive_sequences	yes	5d888dd4c7f0c919e5b9e126f567d9e59d56e888488b2439d9bf4ecd9bfc9ca4
A0A0D1CF25		PHI-base	v4.19	Ustilago maydis	biotroph	368	11	0.029891	2024	hypersensitive response assay	Gene deletion: full ; gene complementation	yes	b3f29e07ac8f8c43139e588dd6ac34384a12177d651ed6c05ade78b113905987
A0A0D1CFN1		PHI-base	v4.19	Ustilago maydis	biotroph	200	0	0.000000	2024	hypersensitive response assay	Gene deletion: full	yes	39cadf073ab4cde22ba1c81f9fc099f346e0bebb8110de36601294efd50913b5
A0A0D1CHF8		PHI-base	v4.19	Ustilago maydis	biotroph	171	4	0.023392	2024	hypersensitive response assay	Gene deletion: full	yes	1a48e988d04c1a6932ba5480faa58ddebfb8398857aa9fa87e2683ee1a34fb27
A0A0D1CJB9		PHI-base	v4.19	Ustilago maydis	biotroph	261	1	0.003831	2024	hypersensitive response assay	Gene deletion: full ; gene complementation	yes	d56f98fa91f3b6f76bf7076b4641c93fd02a103e333703365d58e7918a7ea05c
A0A0D1CND6		PHI-base	v4.19	Ustilago maydis	biotroph	363	1	0.002755	2024	hypersensitive response assay	Gene deletion: full	yes	0a8b5993fe0d418ae0e56f4f4100dfcc054859778fb4bd74b347a3136d7dfa45
A0A0D1CRF7		PHI-base	v4.19	Ustilago maydis	biotroph	166	0	0.000000	2022	hypersensitive response assay	Functional test in host: transient expression; gene deletion: full	yes	85adccfddd805f705e65a80c0e2c8986eebc5bf880ff805dac0481f3b438cb1d
A0A0D1CRG2		PHI-base	v4.19	Ustilago maydis	biotroph	179	0	0.000000	2022	hypersensitive response assay	Functional test in host: transient expression; gene deletion: full	yes	959b83bee0dd3fd8b7b67b0c073dfd959e4a42dd91af5345595667fee895ccce
A0A0D1CU07		PHI-base	v4.19	Ustilago maydis	biotroph	515	2	0.003883	2024	hypersensitive response assay	Gene deletion: full	yes	f7d6ece86c4573bde4951b477d83bbbe5ff223477dcc28d3eec9defa8b2d44b7
A0A0D1CW02		PHI-base	v4.19	Ustilago maydis	biotroph	113	6	0.053097	2024	hypersensitive response assay	Gene deletion: full ; gene complementation	yes	c03ced7b07c7bbc2475df7be7cf80df90b234459f25aeb8ebefb265df6e38013
A0A0D1CWP9		PHI-base	v4.19	Ustilago maydis	biotroph	276	5	0.018116	2024	hypersensitive response assay	Gene deletion: full	yes	c13f7036b76299f7ebdfc2e25deb6a9aea51af258e9a17033e40205686ccc42c
A0A0D1CXX9		PHI-base	v4.19	Ustilago maydis	biotroph	192	6	0.031250	2024	hypersensitive response assay	Gene deletion: full	yes	17790cba392b3f8eea19de5d33a370f45656bcbfc82e9b1f4dfc4ced8ecf7ba2
A0A0D1CYK5		PHI-base	v4.19	Ustilago maydis	biotroph	177	6	0.033898	2024	hypersensitive response assay	Gene deletion: full	yes	f15bd51648fbc4c34ef169992ecca27e8ed77f63ae6f9244dc2dfe1974260463
A0A0D1CZH2		PHI-base	v4.19	Ustilago maydis	biotroph	780	18	0.023077	2024	hypersensitive response assay	Gene deletion: full ; gene complementation	yes	56453ecaf36bc0ed69ebff728476bd20ab21d9667ef1b5d1432f8a65db085f62
A0A0D1D169		PHI-base	v4.19	Ustilago maydis	biotroph	354	8	0.022599	2021	hypersensitive response assay	Gene deletion: full; gene complementation	yes	2584e2226c042bfa45defe90fb342a2c29b4fb08d3d6ed1272c0b8b3c12ef14d
A0A0D1DMZ9		PHI-base	v4.19	Ustilago maydis	biotroph	742	1	0.001348	2024	hypersensitive response assay	Gene deletion: full	yes	0af1df1aee08be65ad496177579e10612fd1646c04ce90470c6d032a5b71a877
A0A0D1DPX0	A0A0D1DPX0	PEACE curated positives; PHI-base	90b8fc902f0b444e7f21adf75dae41a05931cc5f; v4.19	Mycosarcoma maydis (Corn smut fungus) (Ustilago maydis); Ustilago maydis	biotroph	260	3	0.011538	2024	hypersensitive response assay	Gene deletion: full; PEACE source memberships: EffectorP_3.0_positives;fungtion_positive_sequences	yes	a5b31d2a38deb771321360a61671e64405a819b0743edb46667d36d55dc0d4b7
A0A0D1DQD7		PHI-base	v4.19	Ustilago maydis	biotroph	167	1	0.005988	2024	hypersensitive response assay	Gene deletion: full ; gene complementation	yes	8c65e953c3a478111c335e961ce980f3ac8c2b79702e62abe4a6cb0429c25602
A0A0D1DRM3		PHI-base	v4.19	Ustilago maydis	biotroph	329	0	0.000000	2024	hypersensitive response assay	Gene deletion: full	yes	f27da237d5c5c7ae1982133eecd21e0456e0785601d80e8968c35ad4880ed52c
A0A0D1DRV1		PHI-base	v4.19	Ustilago maydis	biotroph	248	5	0.020161	2024	hypersensitive response assay	Gene deletion: full	yes	151f8ece894e7f5914256074d4c37a697cd13f51080447142e150a23b12691df
A0A0D1DT47		PHI-base	v4.19	Ustilago maydis	biotroph	569	10	0.017575	2024	hypersensitive response assay	Gene deletion: full	yes	620c5a03a88ae2efa67662256a116b9973c3f6be9ae129961077c8b0df632ad2
A0A0D1DTB8		PHI-base	v4.19	Ustilago maydis	biotroph	216	0	0.000000	2024	hypersensitive response assay	Gene deletion: full	yes	21ca2df4b30a9e7f4f2069713ead21e468bc558b81b4572f5f6db2f7a3e73949
A0A0D1DU27		PHI-base	v4.19	Ustilago maydis	biotroph	503	5	0.009940	2024	hypersensitive response assay	Gene deletion: full	yes	6d598690c4fe16a609e747f1d7fa7549c1d348626205640ed550e6849ac3fd01
A0A0D1DUC4		PHI-base	v4.19	Ustilago maydis	biotroph	332	1	0.003012	2024	hypersensitive response assay	Gene deletion: full	yes	dffb6dd200414fe065d5306440b1dc1f071859bc35aa8c983ce2b54856e9b5c6
A0A0D1DUQ9		PHI-base	v4.19	Ustilago maydis	biotroph	312	0	0.000000	2024	hypersensitive response assay	Gene deletion: full ; gene complementation	yes	8076b3a842841a5ae08b8493b0949cb14aab80bb7527f42e393a904af572ddf7
A0A0D1DV84		PHI-base	v4.19	Ustilago maydis	biotroph	168	5	0.029762	2024	hypersensitive response assay	Gene deletion: full	yes	148e83ff5d651a8ababc889bd7d1a72855476f2417242582211073548f6a3aa8
A0A0D1DWQ2	A0A0D1DWQ2	PEACE curated positives; PHI-base	90b8fc902f0b444e7f21adf75dae41a05931cc5f; v4.19	Mycosarcoma maydis (Corn smut fungus) (Ustilago maydis); Ustilago maydis	biotroph	290	2	0.006897	2019	hypersensitive response assay	Gene mutation; PEACE source memberships: EffHunter_positive;EffectorP_1.0;EffectorP_2.0;EffectorP_3.0_positives;FunEffector-Pred;Predector_positive_sequences;WideEffHunter;fungtion_positive_sequences	yes	796336484e282cc835e20c667d703afb64659ea951b56efe5d6374f08fa96b6c
A0A0D1DWR4		PHI-base	v4.19	Ustilago maydis	biotroph	123	5	0.040650	2024	hypersensitive response assay	Gene deletion: full	yes	b54f911408b89f0fa003b1deccea2c762e973261451212cbac5ceffe23b5c0bd
A0A0D1DX64		PHI-base	v4.19	Ustilago maydis	biotroph	169	11	0.065089	2020	hypersensitive response assay	Gene deletion: full; gene complementation	yes	443308f0505a8616f14f0c401d4249bfffc37ef2f95e4cb3fb3e56a293a68165
A0A0D1DYI3		PEACE curated positives; PHI-base; Predector confirmed set	3d2a591fadbe7c398c1ac398371b3b2610a60d46; 90b8fc902f0b444e7f21adf75dae41a05931cc5f; v4.19	Ustilago maydis	biotroph	869	11	0.012658	2018	hypersensitive response assay; validated host-target interaction	Gene deletion: full; PEACE source memberships: EffectorP_3.0_positives;fungtion_positive_sequences; Predector literature record	yes	97dceb67c7121a61d16ea322f9c4249f7e8cf0a992037c93ca587de3e817122d
A0A0D1DYP1		PHI-base	v4.19	Ustilago maydis	biotroph	223	1	0.004484	2022	hypersensitive response assay	Functional test in host: transient expression; gene deletion: full	yes	a6ff496b0b4fd18250052c8f2d65e68df92ad5935ce9a327393d23bab9acc31f
A0A0D1DYP7		PHI-base	v4.19	Ustilago maydis	biotroph	208	1	0.004808	2022	hypersensitive response assay	Functional test in host: transient expression; gene deletion: full	yes	e32f3f01250a7b0d279db33a1e3c47ce3a1e912684f615e83cb4c7a5f4b4ce9e
A0A0D1DYX1		PHI-base	v4.19	Ustilago maydis	biotroph	365	0	0.000000	2024	hypersensitive response assay	Gene deletion: full	yes	38997cb214a93c37a06173fcc5ae172b9d61f9bc5d6be719349c1560defcaf1f
A0A0D1DZA9		PHI-base	v4.19	Ustilago maydis	biotroph	285	6	0.021053	2024	hypersensitive response assay	Gene deletion: full	yes	14f082a9dfaf80e10d584fa3a7d6baa6c26377fe2a738041b3ca75b17396dba7
A0A0D1DZX5		PHI-base	v4.19	Ustilago maydis	biotroph	166	1	0.006024	2022	hypersensitive response assay	Functional test in host: transient expression; gene deletion: full	yes	da4c11658e994f423754d4874c55b5f2310d2b4677d9c665a5083358653d4203
A0A0D1E0J1		PHI-base	v4.19	Ustilago maydis	biotroph	189	2	0.010582	2024	hypersensitive response assay	Gene deletion: full	yes	87fe9f1451a693aa6f3ff46340976928bc2c6c8a5f9c9a177bc073a319301e34
A0A0D1E167		PHI-base	v4.19	Ustilago maydis	biotroph	218	3	0.013761	2024	hypersensitive response assay	Gene deletion: full	yes	73436bc1d27ab3ce75ccee846c3ec46413f3b6adfbf327a3bc064c96ec558aa4
A0A0D1E1A9		PHI-base	v4.19	Ustilago maydis	biotroph	159	0	0.000000	2024	hypersensitive response assay	Gene deletion: full	yes	7fc54912fcba3f0cb90f8a35a8e83a4c744d41c5f0617c0dff2fc3ae7179f95b
A0A0D1E1D4		PHI-base	v4.19	Ustilago maydis	biotroph	203	1	0.004926	2024	hypersensitive response assay	Gene deletion: full	yes	e5c536f033e8a8caba42b3e63b0fac2b5d11d085d09876d7070ee4774153a885
A0A0D1E1G8		PHI-base	v4.19	Ustilago maydis	biotroph	626	2	0.003195	2024	hypersensitive response assay	Gene deletion: full	yes	1f8e8d7c50f25509953b0efa1e4a501dbf2211f9b03ce72f48597fe9dd8d92e7
A0A0D1E1H1		PHI-base	v4.19	Ustilago maydis	biotroph	297	0	0.000000	2024	hypersensitive response assay	Gene deletion: full	yes	e996d2ee490324e7e10fcc468ad521acbf20c2021b1c857f918c1463a4708ced
A0A0D1E1Y8		PHI-base	v4.19	Ustilago maydis	biotroph	206	1	0.004854	2024	hypersensitive response assay	Gene deletion: full	yes	9b2c5164759d1e4e50364e70b08c1f7f1eccc0d34dc4c47eb90db0f581379c08
A0A0D1E2J4		PHI-base	v4.19	Ustilago maydis	biotroph	399	0	0.000000	2024	hypersensitive response assay	Gene deletion: full	yes	b465f2da0f3f5ba0579301713eadf8d7cd70e541d4ace38c5a24b3c48268a6e0
A0A0D1E2M4		PHI-base	v4.19	Ustilago maydis	biotroph	258	28	0.108527	2024	hypersensitive response assay	Gene deletion: full	yes	4a73de35f57d59ac5a7dfe4dd794c1f508388d8973a23dbc5eb0d5c73380f1dd
A0A0D1E2W3		PHI-base	v4.19	Ustilago maydis	biotroph	232	4	0.017241	2024	hypersensitive response assay	Gene deletion: full	yes	148094bf4fce735a77f97cbe467e490404055973bd8a99c69a9fa162b90d32fe
A0A0D1E3H5		PHI-base	v4.19	Ustilago maydis	biotroph	703	7	0.009957	2022	hypersensitive response assay	Gene deletion: full; gene complementation	yes	11b6685086c5be779ac202b4d588e1a0c72e16432fc24b71b8c3d4aa758b80a1
A0A0D1E3X3		PHI-base	v4.19	Ustilago maydis	biotroph	197	1	0.005076	2022	hypersensitive response assay	Functional test in host: transient expression; gene deletion: full	yes	f1f0ea6300724cb268a1145d4ca7f59bc41b5fddd5123fa28866d0a6bac8e098
A0A0D1E3Z8		PHI-base	v4.19	Ustilago maydis	biotroph	448	1	0.002232	2024	hypersensitive response assay	Gene deletion: full	yes	2707cb4c4766861bd38695235badcc8f1ce46a55a49674c29225604de26bd054
A0A0D1E411		PEACE curated positives; PHI-base	90b8fc902f0b444e7f21adf75dae41a05931cc5f; v4.19	Ustilago maydis	biotroph	178	4	0.022472	2024	hypersensitive response assay	Gene deletion: full; PEACE source memberships: EffHunter_positive;EffectorP_1.0;EffectorP_2.0;EffectorP_3.0_positives;FunEffector-Pred;Predector_positive_sequences;WideEffHunter;fungtion_positive_sequences	yes	e5e1258564e20e068af2e8e5d4d42aac00d4ba05f90ff783943e250f23f04f1c
A0A0D1E4Q7		PHI-base	v4.19	Ustilago maydis	biotroph	240	5	0.020833	2023	knockout virulence phenotype	Gene deletion: full	yes	adfe5e5e610599d4b41e29d84c4e8b95df22df655c14a721870d990ac5eca0f9
A0A0D1E4Y8	A0A0D1E4Y8	PHI-base	v4.19	Mycosarcoma maydis (Corn smut fungus) (Ustilago maydis); Ustilago maydis	biotroph	290	10	0.034483	2024	hypersensitive response assay	Gene deletion: full	yes	5e8720d8c0f50afe990703f52833440fd88d9556ba65a51578a061d7be5125f4
A0A0D1E5A8		PEACE curated positives; PHI-base	90b8fc902f0b444e7f21adf75dae41a05931cc5f; v4.19	Ustilago maydis	biotroph	709	1	0.001410	2016	hypersensitive response assay	Gene deletion: full; gene complementation; PEACE source memberships: EffectorP_3.0_positives;FunEffector-Pred;WideEffHunter;fungtion_positive_sequences	yes	2f7c586a7cc99c47fd9a82f2ea20420dd86aa636839614096d4913f2bc1ca009
A0A0D1E5X9		PHI-base	v4.19	Ustilago maydis	biotroph	151	5	0.033113	2024	hypersensitive response assay	Gene deletion: full	yes	50bdc2d370cff7d9fababf348ecb276af67997053ebf8f41cbc91bcd773f5359
A0A0D1E6W5		PHI-base	v4.19	Ustilago maydis	biotroph	229	17	0.074236	2024	hypersensitive response assay	Gene deletion: full	yes	bf3000316fa22bf66d75622136c132915ffe6e36df3ee024ed085a2dff99f93e
A0A0D1E6Y4		PHI-base	v4.19	Ustilago maydis	biotroph	177	5	0.028249	2024	hypersensitive response assay	Gene deletion: full	yes	69f80bf28a27f4cc8a878b5916b01bc7ad5d7fe2e277631276c6846d64ece420
A0A0D1E701		PHI-base	v4.19	Ustilago maydis	biotroph	513	7	0.013645	2024	hypersensitive response assay	Gene deletion: full	yes	b26fbbf1dd16a79da46f8b11f235e8d891d3b63db9450d9012465ee448e6de7c
A0A0D1E8C1		PHI-base	v4.19	Ustilago maydis	biotroph	323	3	0.009288	2024	hypersensitive response assay	Gene deletion: full	yes	0db63b03c49eb0a6bfa2eba7f52f5ad953ea91e96a53c8a0f89ccb4193d01dd5
A0A0D1E951	A0A0D1E951	PHI-base	v4.19	Mycosarcoma maydis (Corn smut fungus) (Ustilago maydis); Ustilago maydis	biotroph	174	7	0.040230	2024	hypersensitive response assay	Gene deletion: full	yes	ce1a59c12ee6315cbae7ccf3d0797c91f96384982f6da80e52798ab1c5c862ed
A0A0D1E997		PHI-base	v4.19	Ustilago maydis	biotroph	605	3	0.004959	2024	hypersensitive response assay	Gene deletion: full	yes	b13ee28dabc1a93d211fcb28f96d9be3d758b664c06be84d240d2b52638e6e03
A0A0D1EAN2		PHI-base	v4.19	Ustilago maydis	biotroph	327	14	0.042813	2024	hypersensitive response assay	Gene deletion: full	yes	3b5da6a4657a8eb146002dc9e382e5fbd91ade88159f118645a04193b45bc058
A0A0D1EAR7	A0A0D1EAR7	PHI-base	v4.19	Mycosarcoma maydis (Corn smut fungus) (Ustilago maydis); Ustilago maydis	biotroph	120	1	0.008333	2024	hypersensitive response assay	Gene deletion: full	yes	b94003b20bb88098889c931aed6d67cba69d989ca3b32997a37a82434fb33b4d
A0A0D1EDY9		PHI-base	v4.19	Ustilago maydis	biotroph	160	9	0.056250	2024	hypersensitive response assay	Gene deletion: full	yes	9ec2d4cf1190d68726c3d2274c15bd5b96cff71f5838e85f5a73f79311ab3bbb
A0A0H4ITX1		PEACE curated positives; Predector confirmed set	3d2a591fadbe7c398c1ac398371b3b2610a60d46; 90b8fc902f0b444e7f21adf75dae41a05931cc5f	Magnaporthe oryzae	hemibiotroph	74	0	0.000000	2015	hypersensitive response assay	PEACE source memberships: EffHunter_positive;EffectorP_2.0;EffectorP_3.0_positives;FunEffector-Pred;Predector_positive_sequences;WideEffHunter;fungtion_positive_sequences; Predector literature record	yes	a4d3747656d888bfe1ffbf16c2556d8e44f24f93c6362537f2eca0d4defb29c0
A0A0I9ZBA9		PHI-base	v4.19	Fusarium sacchari	hemibiotroph	276	9	0.032609	2024	hypersensitive response assay	Gene deletion: full ; gene complementation	yes	96b5a591b6cb9e2c66f9b278bd5ce0af83ca27f65b206b2e6abe97296061a173
A0A0J9WVB5		PEACE curated positives; PHI-base; Predector confirmed set	3d2a591fadbe7c398c1ac398371b3b2610a60d46; 90b8fc902f0b444e7f21adf75dae41a05931cc5f; v4.19	Fusarium oxysporum; Fusarium oxysporum f. sp. lycopersici	hemibiotroph	119	7	0.058824	2009	hypersensitive response assay; validated host-target interaction	Gene deletion: full ; gene complementation; Gene deletion: full; gene complementation; PEACE source memberships: EffHunter_positive;EffectorP_1.0;EffectorP_2.0;EffectorP_3.0_positives;FunEffector-Pred;Predector_positive_sequences;WideEffHunter;fungtion_positive_sequences; Predector literature record	yes	3327dad717a1bfb46b1941217ee875107e53c7eab20157eb68c76594226f6887
A0A0L0V3D9		Predector confirmed set	3d2a591fadbe7c398c1ac398371b3b2610a60d46	Puccinia striiformis f. sp. tritici PST-78	biotroph	146	6	0.041096	2019	validated host-target interaction	Predector literature record	unknown	f08305ef07b8c23d93b3e98091b689ddb480da7e9782054a5f1e7abf43baf5a4
A0A0L0VA94		PHI-base	v4.19	Puccinia striiformis	biotroph	152	8	0.052632	2021	hypersensitive response assay	Altered gene expression / gene regulation: silencing; other evidence: transgenic plants	yes	4185b0084343ebd65a8384bef19da4895ec61d01daf3f0ae716b24f9fbf3c3ac
A0A0L0VHJ5		PHI-base	v4.19	Puccinia striiformis	biotroph	147	8	0.054422	2021	hypersensitive response assay	Altered gene expression / gene regulation: silencing; other evidence: transgenic plants	yes	3edc4e5c5c21b00c8d18897fdcc869d9a0f1879586f952986823beac4cc3808e
A0A0L0VYD3		Predector confirmed set	3d2a591fadbe7c398c1ac398371b3b2610a60d46	Puccinia graminis f. sp. tritici	biotroph	279	1	0.003584	2016	validated host-target interaction	Predector literature record	unknown	5ac5965bd8570edb306d5fad425733cf897701f59249314d74913065174d6796
A0A0L0VYD3__2		PEACE curated positives; PHI-base	90b8fc902f0b444e7f21adf75dae41a05931cc5f; v4.19	Puccinia striiformis	biotroph	177	2	0.011299	2016	hypersensitive response assay	Functional test in host: transient expression; PEACE source memberships: EffectorP_3.0_positives;fungtion_positive_sequences	yes	9ba7391bf83e2d69fba6440c650b17195ddeb074d68f0aac45430c039f545996
A0A0M3Q8U4		PHI-base	v4.19	Phytophthora capsici	hemibiotroph	82	7	0.085366	2021	hypersensitive response assay	Gene deletion: full ; gene complementation	yes	b84ffed638a6ab4e3ff582e318fead77e7d3b65d4ce44785a83f811eb2127db7
A0A0M4AMY8		PHI-base	v4.19	Valsa mali	unknown	370	8	0.021622	2021	hypersensitive response assay	Other evidence: transgenic plants	yes	6cd7e2c42d672d8c5568b89c3ce89966fdbec2f720cdfb0a8f4f4b3a4bb25ce5
A0A0M5K865	A0A0M5K865	PEACE curated positives; PHI-base	90b8fc902f0b444e7f21adf75dae41a05931cc5f; v4.19	Phytophthora sojae; Phytophthora sojae (Soybean stem and root rot agent) (Phytophthora megasperma f. sp. glycines)	hemibiotroph	820	17	0.020732	2015	hypersensitive response assay	Altered gene expression / gene regulation: silencing; PEACE source memberships: WideEffHunter;pooe_positive_sequences	yes	4536d927c5d6332a83d9dbfe1fbbaee7d3bfa435d48d65588bc7a7bbc1c9b2b6
A0A0P0FZ34		PEACE curated positives; Predector confirmed set	3d2a591fadbe7c398c1ac398371b3b2610a60d46; 90b8fc902f0b444e7f21adf75dae41a05931cc5f	Blumeria graminis f. sp. tritici	biotroph	130	2	0.015385	2015	hypersensitive response assay	PEACE source memberships: EffectorP_2.0_validation;EffectorP_3.0_positives;Predector_positive_sequences;fungtion_positive_sequences; Predector literature record	yes	ae58ab70e4658f7bfcacff6dd6763b118d66e1f9fd8beddadb6e8537564ca98d
A0A0P1KYY9		PHI-base	v4.19	Colletotrichum graminicola	hemibiotroph	349	0	0.000000	2016	knockout virulence phenotype	Gene deletion: full; gene complementation	unknown	3537566d61dc2a2b70530d277ed3c33966215f5974e5f4dd4e80e0d621b0331b
A0A0S1MJK1		PEACE curated positives; PHI-base	90b8fc902f0b444e7f21adf75dae41a05931cc5f; v4.19	Phakopsora pachyrhizi	unknown	105	5	0.047619	2016	hypersensitive response assay	Functional test in host: transient expression; PEACE source memberships: EffectorP_2.0_validation;EffectorP_3.0_positives;Predector_positive_sequences;WideEffHunter;fungtion_positive_sequences	yes	7d5da410d71c75f0bc77f666081efb95dd92f005332c90f06edef501222a1848
A0A0U2R974		PEACE curated positives; Predector confirmed set	3d2a591fadbe7c398c1ac398371b3b2610a60d46; 90b8fc902f0b444e7f21adf75dae41a05931cc5f	Leptosphaeria maculans	hemibiotroph	160	11	0.068750	2015	hypersensitive response assay	PEACE source memberships: EffectorP_2.0_validation;EffectorP_3.0_positives;Predector_positive_sequences;WideEffHunter;fungtion_positive_sequences; Predector literature record	yes	b544093a67d8debd6147a96735d1a3970753343d59fb597cb4d9b83e1946e288
A0A142KWG0		PEACE curated positives; PHI-base	90b8fc902f0b444e7f21adf75dae41a05931cc5f; v4.19	Phakopsora pachyrhizi	unknown	182	12	0.065934	2016	hypersensitive response assay	Functional test in host: transient expression; PEACE source memberships: EffectorP_2.0_validation;EffectorP_3.0_positives;Predector_positive_sequences;WideEffHunter;fungtion_positive_sequences	yes	5e5bce235039773a71d1b4b47212e873dc9a96a3d2cb60285839afb38d0a4639
A0A142KWI6		PEACE curated positives; Predector confirmed set	3d2a591fadbe7c398c1ac398371b3b2610a60d46; 90b8fc902f0b444e7f21adf75dae41a05931cc5f	Phakopsora pachyrhizi	unknown	291	20	0.068729	2016	validated host-target interaction	PEACE source memberships: EffHunter_positive;EffectorP_2.0;EffectorP_3.0_positives;FunEffector-Pred;Predector_positive_sequences;WideEffHunter;fungtion_positive_sequences; Predector literature record	no	0d25873c94542ab339ad69be6ced1affce41fda5fee3160939eefc386bb8999f
A0A169T708		PHI-base	v4.19	Fusarium oxysporum	hemibiotroph	214	6	0.028037	2016	hypersensitive response assay	Gene mutation; gene complementation	yes	e883062bef505f4529b1c6f93fdc5179dc600cda8cefd399a4c3dadccf678786
A0A180GHN3		PHI-base	v4.19	Puccinia triticina	biotroph	253	17	0.067194	2024	hypersensitive response assay	Altered gene expression / gene regulation: silencing	yes	ea0e4e77fd541a262933a1d0df0e24db4fcfd98e89d05d087e2504e2f2fd51bc
A0A194W4R1		PHI-base	v4.19	Valsa mali	unknown	553	15	0.027125	2025	hypersensitive response assay	Gene deletion: full ; gene complementation	yes	cdd7a7ff6592f09f7241923c2410f41ef7cda9e4cfe3d287d6d8c4d786e7f319
A0A194WDN5		PHI-base	v4.19	Valsa mali	unknown	176	1	0.005682	2023	hypersensitive response assay	Gene deletion: full ; gene complementation	yes	6d85268db6ba31651599ac34c7cb32ba0a0416dd7efb6f894df27609251daa29
A0A1B0RFQ0		PHI-base	v4.19	Pseudocercospora fuligena	unknown	128	8	0.062500	2016	hypersensitive response assay	Gene mutation	yes	fa3d645ad16706b16bd3c3440896baf9503b6ec3bc88e53581804833044f3983
A0A1B2CW13		PEACE curated positives; Predector confirmed set	3d2a591fadbe7c398c1ac398371b3b2610a60d46; 90b8fc902f0b444e7f21adf75dae41a05931cc5f	Melampsora lini	biotroph	150	3	0.020000	2016	hypersensitive response assay	PEACE source memberships: EffHunter_positive;EffectorP_2.0;EffectorP_3.0_positives;FunEffector-Pred;Predector_positive_sequences;WideEffHunter;fungtion_positive_sequences; Predector literature record	yes	d28ee9fee791aed4fcfff318cedf9ca7f96b80240fdf84f954f44d17d2d698a0
A0A1B2CW89		PEACE curated positives; Predector confirmed set	3d2a591fadbe7c398c1ac398371b3b2610a60d46; 90b8fc902f0b444e7f21adf75dae41a05931cc5f	Melampsora lini	biotroph	166	1	0.006024	2016	hypersensitive response assay	PEACE source memberships: EffHunter_positive;EffectorP_2.0;EffectorP_3.0_positives;FunEffector-Pred;Predector_positive_sequences;WideEffHunter;fungtion_positive_sequences; Predector literature record	yes	1bb09267bc3299e4169b38f95f9c60333c6771bccaaf73b2f9a8886ec16be838
A0A1B5KY51		PHI-base	v4.19	Ustilaginoidea virens	unknown	435	5	0.011494	2025	hypersensitive response assay	Gene deletion: full ; gene complementation	yes	3398441d40139764f9968587b1848e28aab17662c9555681f4b2d28aa4af9b27
A0A1B5KZM5		PHI-base	v4.19	Ustilaginoidea virens	unknown	151	6	0.039735	2020	hypersensitive response assay	Functional test in host: transient expression	yes	f53277560fcb9926823c594b847b0c38bfddbea843ee9ad87e7dc7dfbe2e1fe4
A0A1C9II12		Predector confirmed set	3d2a591fadbe7c398c1ac398371b3b2610a60d46	Colletotrichum falcatum	hemibiotroph	132	6	0.045455	2018	hypersensitive response assay	Predector literature record	unknown	510240d571fb8b115d3fb702df60a9ca09d824e3516afc03dac4d36c37b4658b
A0A1C9V3Q1		PEACE curated positives; Predector confirmed set	3d2a591fadbe7c398c1ac398371b3b2610a60d46; 90b8fc902f0b444e7f21adf75dae41a05931cc5f	Puccinia striiformis	biotroph	333	6	0.018018	2017	validated host-target interaction	PEACE source memberships: EffectorP_3.0_positives;fungtion_positive_sequences; Predector literature record	no	2ea85bb3ce65e66a09eacd2256d14023cc9c3a11d76f6995753f93baf0b66923
A0A1D9QD76	A0A1D9QD76	PHI-base	v4.19	Sclerotinia sclerotiorum; Sclerotinia sclerotiorum (strain ATCC 18683 / 1980 / Ss-1) (White mold) (Whetzelinia sclerotiorum)	necrotroph	105	13	0.123810	2022	knockout virulence phenotype	Gene deletion: full; gene complementation	unknown	401b448d69a4dc22e0ad89c8eb0b9307707eb707e0fe2e211a0710868c6ae895
A0A1D9QGK0		PHI-base	v4.19	Sclerotinia sclerotiorum	necrotroph	373	4	0.010724	2025	hypersensitive response assay	Gene deletion: full ; gene complementation	yes	33f1a350bc6283b4c077b936d75fc0a194243a77a51e3d4cd566459b26dfc6e3
A0A1L5JEG4		PEACE curated positives; Predector confirmed set	3d2a591fadbe7c398c1ac398371b3b2610a60d46; 90b8fc902f0b444e7f21adf75dae41a05931cc5f	Blumeria graminis f. sp. tritici	biotroph	119	4	0.033613	2016	hypersensitive response assay	PEACE source memberships: EffHunter_positive;EffectorP_2.0;EffectorP_3.0_positives;FunEffector-Pred;WideEffHunter;fungtion_positive_sequences; Predector literature record	yes	720d9e046cfa913bbf578df12b3419ddbfed33333038143b0ecfeb662079c848
A0A1P8W6L1		PHI-base	v4.19	Magnaporthe oryzae	hemibiotroph	126	1	0.007937	2022	hypersensitive response assay	Gene deletion: full	yes	7d0dbf98672ca6886d1d5bd170200fcc68f59570b542a83af08627764c408179
A0A1P8YXI8		PEACE curated positives; PHI-base	90b8fc902f0b444e7f21adf75dae41a05931cc5f; v4.19	Fulvia fulva	biotroph	165	10	0.060606	2022	hypersensitive response assay	Heterologous expression; PEACE source memberships: EffectorP_3.0_positives;fungtion_positive_sequences	yes	09112c6826de5ea201626fdb01f9a5c5ef6bd480a24a140a6d6e30a81f799093
A0A1P8YXK1		PHI-base	v4.19	Fulvia fulva	biotroph	149	4	0.026846	2022	hypersensitive response assay	Gene deletion: full; gene complementation; other evidence: ectopic transformant	yes	574b999a9ceb855bfeaf52038f1dd137db4cb619b70633aff09746c4eba933ae
A0A219T3Y8		Predector confirmed set	3d2a591fadbe7c398c1ac398371b3b2610a60d46	Magnaporthe oryzae	hemibiotroph	113	3	0.026549	2021	hypersensitive response assay	Predector literature record	yes	a810a12f6cee472468554584445de445addd1a3da01b5015e2005ff940ac2916
A0A226B923		PHI-base	v4.19	Cryptococcus neoformans	unknown	486	6	0.012346	2019	knockout virulence phenotype	Gene deletion: full; gene complementation	unknown	7528a2c23edfdcf678f5eb0b95ef9e58be38692eea26ed406d17a28ac35b7f0d
A0A2H1GTW7	P9WEM2	PEACE curated positives; PHI-base	90b8fc902f0b444e7f21adf75dae41a05931cc5f; v4.19	Zymoseptoria tritici; Zymoseptoria tritici (strain CBS 115943 / IPO323) (Speckled leaf blotch fungus) (Septoria tritici)	hemibiotroph	103	5	0.048544	2021	hypersensitive response assay	Gene deletion: full; PEACE source memberships: Predector_positive_sequences;WideEffHunter	yes	f556b0e5c6582b31cadda91216a5b1a8e8bd4b863beff84314c865d1546e1f43
A0A2I6B3G6		PEACE curated positives; Predector confirmed set	3d2a591fadbe7c398c1ac398371b3b2610a60d46; 90b8fc902f0b444e7f21adf75dae41a05931cc5f	Puccinia graminis f. sp. tritici	biotroph	578	3	0.005190	2017	hypersensitive response assay	PEACE source memberships: EffectorP_2.0_validation;EffectorP_3.0_positives;Predector_positive_sequences;WideEffHunter;fungtion_positive_sequences; Predector literature record	yes	72415ec685ee4ac22c5fe68da5da2b27fb5ccc2c513d3f1b1521295586dbb07d
A0A2P0ZEB6		PHI-base	v4.19	Blumeria graminis	biotroph	146	2	0.013699	2020	hypersensitive response assay	Altered gene expression / gene regulation: silencing; other evidence: transgenic plants	yes	eb2204909f8edb271f95aa9e9607caa833e5d6b5385b567a1ac8754ea19e4748
A0A2R2Z552	A0A2R2Z552	PHI-base	v4.19	Phytophthora capsici	hemibiotroph	342	4	0.011696	2018	hypersensitive response assay	Functional test in host: transient expression	yes	be1b73d44e0876471add9f3df3b9a3436fd0a3bd192b52df5984f623a8c9baa0
A0A2R2Z560	A0A2R2Z560	PHI-base	v4.19	Phytophthora capsici	hemibiotroph	277	3	0.010830	2018	hypersensitive response assay	Functional test in host: transient expression	yes	ba77803a30c382b1e360cd16bb5ca79e41ee10a7be5112cbf3c69c52f9c05579
A0A2R2Z561	A0A2R2Z561	PHI-base	v4.19	Phytophthora capsici	hemibiotroph	252	2	0.007937	2018	hypersensitive response assay	Functional test in host: transient expression	yes	d7117f290706ce8b0ec49cb1d8d33324a93aea1cd73089bb153d59060b87160a
A0A2R2Z564	A0A2R2Z564	PHI-base	v4.19	Phytophthora capsici	hemibiotroph	245	2	0.008163	2018	hypersensitive response assay	Functional test in host: transient expression	yes	3b26303a6205bb6726288746df370e98532243645e367572b74eeb918da55a01
A0A2R2Z570	A0A2R2Z570	PHI-base	v4.19	Phytophthora capsici	hemibiotroph	277	2	0.007220	2018	hypersensitive response assay	Functional test in host: transient expression	yes	defe94946e4e6979c9c94113844d0347fe626f7b11785d29f615db0de9170517
A0A2R2Z572	A0A2R2Z572	PHI-base	v4.19	Phytophthora capsici	hemibiotroph	280	4	0.014286	2018	hypersensitive response assay	Functional test in host: transient expression	yes	a01d8fd29b3ed3fd471430637fbceca8187754b8062dec88793b2434d97d66ba
A0A2R2Z574	A0A2R2Z574	PHI-base	v4.19	Phytophthora capsici	hemibiotroph	251	2	0.007968	2018	hypersensitive response assay	Functional test in host: transient expression	yes	369c7102a4a620c72b206452a219515a5e941daf411d672ca02091bc37730d47
A0A2R2Z575	A0A2R2Z575	PHI-base	v4.19	Phytophthora capsici	hemibiotroph	248	2	0.008065	2018	hypersensitive response assay	Functional test in host: transient expression	yes	6472a792e692d631caf94e2103b9630a09fb7d7fc3998d98fac5ed668e1e545d
A0A384J6C4	A0A384J6C4	PHI-base	v4.19	Botrytis cinerea; Botrytis cinerea (strain B05.10) (Noble rot fungus) (Botryotinia fuckeliana)	necrotroph	391	6	0.015345	2021	hypersensitive response assay	Gene deletion: full; gene complementation	yes	45397ff42b669bfa8d792796bca49c6799638f51b62028337c71133258f86793
A0A411NN20	A0A411NN20	PEACE curated positives; PHI-base	90b8fc902f0b444e7f21adf75dae41a05931cc5f; v4.19	Phytophthora capsici	hemibiotroph	174	1	0.005747	2019	hypersensitive response assay	Functional test in host: transient expression; PEACE source memberships: fungtion_positive_sequences;pooe_positive_sequences	yes	85fecf59e71b002da6dd6ceba974fc9cf57913309bd526d106ec4a666be018dd
A0A444RJQ0		PHI-base	v4.19	Verticillium dahliae	hemibiotroph	323	18	0.055728	2025	hypersensitive response assay	Altered gene expression / gene regulation: overexpression	yes	a33fb88e85cbbd37937eb9d6ef329870c87a8d71699b7bdd751c9b06ade563eb
A0A4T0WF76		PHI-base	v4.19	Colletotrichum tabacum	hemibiotroph	87	5	0.057471	2024	hypersensitive response assay	Gene deletion: full ; gene complementation	yes	818e7554f0f789752d2fd70b1424eb8078534555366f2d13c95e2bb0c6854ab0
A0A507D1H9		PHI-base	v4.19	Synchytrium endobioticum	unknown	375	2	0.005333	2019	hypersensitive response assay	Gene mutation	yes	b53cbf26ef46874f11e8f2b72ee4ae3bc6e893aa63d6bd522a94d4831f70868f
A0A5B0MRS6		PEACE curated positives; PHI-base; Predector confirmed set	3d2a591fadbe7c398c1ac398371b3b2610a60d46; 90b8fc902f0b444e7f21adf75dae41a05931cc5f; v4.19	Puccinia graminis; Puccinia graminis f. sp. tritici	biotroph	132	0	0.000000	2017	hypersensitive response assay	Functional test in host: transient expression; PEACE source memberships: EffHunter_positive;EffectorP_2.0;EffectorP_3.0_positives;FunEffector-Pred;Predector_positive_sequences;WideEffHunter;fungtion_positive_sequences; Predector literature record	yes	b1d1697d849f62e161b50cd199d5aa63189bfb1f2a1e7977b13784500a60a143
A0A5B0P8V4		Predector confirmed set	3d2a591fadbe7c398c1ac398371b3b2610a60d46	Puccinia graminis f. sp. tritici	biotroph	144	14	0.097222	2021	hypersensitive response assay	Predector literature record	yes	b951d91df07530edf9b4dbed842f8e9cd57f59269a9b5a376d83013eb799212c
A0A5B0PKJ8		PEACE curated positives; Predector confirmed set	3d2a591fadbe7c398c1ac398371b3b2610a60d46; 90b8fc902f0b444e7f21adf75dae41a05931cc5f	Puccinia graminis f. sp. tritici	biotroph	144	15	0.104167	2021	hypersensitive response assay	PEACE source memberships: EffectorP_3.0_positives;fungtion_positive_sequences; Predector literature record	yes	f0c3756111dbe68a217e1f84bcf7763c602c4281a9f3b15ffba3d9f611802b8f
A0A5B0PMB3		Predector confirmed set	3d2a591fadbe7c398c1ac398371b3b2610a60d46	Puccinia graminis f. sp. tritici	biotroph	144	15	0.104167	2021	hypersensitive response assay	Predector literature record	yes	703b4fdcce4c89d063390f114517009b93c953da036d04d6ee5bda8880f7ef35
A0A5J6DDN9		Predector confirmed set	3d2a591fadbe7c398c1ac398371b3b2610a60d46	Puccinia striiformis f. sp. tritici	biotroph	219	9	0.041096	2019	validated host-target interaction	Predector literature record	unknown	df6fd478464a61bc3b7b87842ea24bd7e93a9a02b9948fb0374ca5c0c6d47bcd
A0A6B7L9I7		PHI-base	v4.19	Cercospora cf. flagellaris	unknown	129	9	0.069767	2020	hypersensitive response assay	Gene deletion: full	yes	15132ca8747ad10149b81adda46a93ca284de5a0ce2f878356b8077abc6dc02b
A0A6M4FAR2		PHI-base	v4.19	Colletotrichum fructicola	hemibiotroph	85	8	0.094118	2020	hypersensitive response assay	Gene deletion: full; gene complementation	yes	b592b6585920967c31f764ef44f97d5b357701235839a7cd56964e411b2cc053
A0A7G5WGW9		PHI-base	v4.19	Fusarium oxysporum	hemibiotroph	122	7	0.057377	2022	hypersensitive response assay	Gene deletion: partial	yes	de1ac5dcd1a4c19c74331f0063886c546fe0948a63dfff74e027bfce8019457e
A0A8E5HLT0		PHI-base	v4.19	Ustilaginoidea virens	unknown	366	1	0.002732	2025	hypersensitive response assay	Gene deletion: full ; gene complementation	yes	0a231291afb636259e47e28587f9d77f1f353a5e28b0577b1da1f469594b1446
A0A8E5JS15		PHI-base	v4.19	Phytophthora capsici	hemibiotroph	135	13	0.096296	2021	hypersensitive response assay	Gene mutation; other evidence: transgenic plants	yes	1020bcac8be6ced465d225652db26fde2d0334a681a10e4b25320d0d60aa2b79
A0A8H7MAE0		PHI-base	v4.19	Pseudocercospora fuligena	unknown	101	10	0.099010	2021	hypersensitive response assay	Other evidence: transgenic plants	yes	d0c196fb15bb03510a23524ea9214c384fb795f5da1aa1d74c6e840b4fa359d3
A0A9X9QEV5		PHI-base	v4.19	Blumeria graminis	biotroph	109	3	0.027523	2025	hypersensitive response assay	Altered gene expression / gene regulation: silencing	yes	dba8107e32b056e5199ec5a84e36d8822500380fb5dc1083ab69bddd8bd3bcde
A0N0D1		PEACE curated positives; PHI-base; Predector confirmed set	3d2a591fadbe7c398c1ac398371b3b2610a60d46; 90b8fc902f0b444e7f21adf75dae41a05931cc5f; v4.19	Magnaporthe grisea; Magnaporthe oryzae	hemibiotroph	316	0	0.000000	2011	hypersensitive response assay	Functional test in host; PEACE source memberships: EffectorP_3.0_positives;fungtion_positive_sequences; Predector literature record	yes	e63a8342b05ed15d558e41a860356f21ec9e198d962e0c251a2b3b2836015f4a
A4F4L2		PEACE curated positives; PHI-base; Predector confirmed set	3d2a591fadbe7c398c1ac398371b3b2610a60d46; 90b8fc902f0b444e7f21adf75dae41a05931cc5f; v4.19	Leptosphaeria maculans	hemibiotroph	144	6	0.041667	2007	hypersensitive response assay	Gene complementation; PEACE source memberships: EffHunter_positive;EffectorP_1.0;EffectorP_2.0;EffectorP_3.0_positives;FunEffector-Pred;Predector_positive_sequences;WideEffHunter;fungtion_positive_sequences; Predector literature record	yes	99fb0f82e8a962de0f13553dfd5fe315f3e31de2b9e526903fb6ab3201010c92
A4L9T6		PEACE curated positives; PHI-base; Predector confirmed set	3d2a591fadbe7c398c1ac398371b3b2610a60d46; 90b8fc902f0b444e7f21adf75dae41a05931cc5f; v4.19	Phytophthora sojae	hemibiotroph	121	0	0.000000	2009	hypersensitive response assay	Functional test in host: transient expression; PEACE source memberships: EffectorP_3.0_positives;WideEffHunter; Predector literature record	yes	5746d222212a3f26caf27b30b58c2ada6feada580766130568809949f773d008
A4LAA7		PEACE curated positives; PHI-base	90b8fc902f0b444e7f21adf75dae41a05931cc5f; v4.19	Phytophthora sojae	hemibiotroph	126	0	0.000000	2014	hypersensitive response assay	Functional test in host: transient expression; PEACE source memberships: pooe_positive_sequences	yes	b10ed994adcf7cf7c7eb3b84c4c497ecb5ee70b4086799d27c4d8c1fd532fea6
A4QVZ8	A4QVZ8	PHI-base	v4.19	Magnaporthe oryzae; Pyricularia oryzae (strain 70-15 / ATCC MYA-4617 / FGSC 8958) (Rice blast fungus) (Magnaporthe oryzae)	hemibiotroph	1503	12	0.007984	2023	hypersensitive response assay	Gene deletion: full ; gene complementation	yes	39f9a9e1bd48e33b002fb817dcd70c7815a749c51b9ecaa4f72ba305a0e7e050
A5YTY8		PEACE curated positives; PHI-base; Predector confirmed set	3d2a591fadbe7c398c1ac398371b3b2610a60d46; 90b8fc902f0b444e7f21adf75dae41a05931cc5f; v4.19	Phytophthora sojae	hemibiotroph	111	0	0.000000	2009	hypersensitive response assay	Altered gene expression / gene regulation: silencing; PEACE source memberships: EffectorP_3.0_positives;WideEffHunter; Predector literature record	yes	a896abe8591e1d42c06516c980a7606e3785f0c786147f8eb75c8b3d6f19f8a7
A7E6C4		PHI-base	v4.19	Sclerotinia sclerotiorum	necrotroph	152	4	0.026316	2024	hypersensitive response assay	Gene deletion: full ; gene complementation	yes	a4681083ca8dab76893de9c9a27128ca54608583c3b81bf99890029163f74da0
A7E9T8		PEACE curated positives; Predector confirmed set	3d2a591fadbe7c398c1ac398371b3b2610a60d46; 90b8fc902f0b444e7f21adf75dae41a05931cc5f	Sclerotinia sclerotiorum	necrotroph	163	8	0.049080	2016	validated host-target interaction	PEACE source memberships: EffHunter_positive;EffectorP_2.0;EffectorP_3.0_positives;FunEffector-Pred;Predector_positive_sequences;WideEffHunter;fungtion_positive_sequences; Predector literature record	no	02745c86e18aed3aa566082735a3602a27aa6ed5360d8bcc9ea209c0fbdcf3a4
A7EXN1		Predector confirmed set	3d2a591fadbe7c398c1ac398371b3b2610a60d46	Sclerotinia sclerotiorum	necrotroph	137	4	0.029197	2017	validated host-target interaction	Predector literature record	unknown	41e845ac23b74be65da441aa5b32fb00c41970bab15e55344a50207f2036ae6d
A7F1J8		PHI-base	v4.19	Sclerotinia sclerotiorum	necrotroph	248	2	0.008065	2021	hypersensitive response assay	Gene deletion: full	yes	afcd79e95fbc3ba299407ae2ae1de5df06291d27afd9046e7c6cf068e9bfdddd
A7L812		PEACE curated positives; PHI-base; Predector confirmed set	3d2a591fadbe7c398c1ac398371b3b2610a60d46; 90b8fc902f0b444e7f21adf75dae41a05931cc5f; v4.19	Phytophthora sojae	hemibiotroph	123	0	0.000000	2007	hypersensitive response assay	Altered gene expression / gene regulation: silencing; PEACE source memberships: EffectorP_3.0_positives;WideEffHunter;pooe_positive_sequences; Predector literature record	yes	37029d24c58ec74941b79206e41af72d94626dc51fa48d24693b5d76b43da98d
A9JX75	A9JX75	PEACE curated positives; PHI-base	90b8fc902f0b444e7f21adf75dae41a05931cc5f; v4.19	Parastagonospora nodorum; Phaeosphaeria nodorum (strain SN15 / ATCC MYA-4574 / FGSC 10173) (Glume blotch fungus) (Parastagonospora nodorum)	necrotroph	117	16	0.136752	2012	hypersensitive response assay	Gene mutation; PEACE source memberships: FunEffector-Pred	yes	708bafcee8042fa0a6b4f17b93253496c74bdee58098f17b9dc99f16af7fc411
AEQ16461.1		PEACE curated positives; Predector confirmed set	3d2a591fadbe7c398c1ac398371b3b2610a60d46; 90b8fc902f0b444e7f21adf75dae41a05931cc5f	Blumeria graminis f. sp. hordei	biotroph	114	1	0.008772	2013	validated host-target interaction	PEACE source memberships: Predector_positive_sequences; Predector literature record	unknown	6b002e3a8ae0bbbcbbf5b0e74e41369f1f8cf73e80a872382c42c53a120ae6ec
B1NNT7	B1NNT7	PEACE curated positives; PHI-base; Predector confirmed set	3d2a591fadbe7c398c1ac398371b3b2610a60d46; 90b8fc902f0b444e7f21adf75dae41a05931cc5f; v4.19	Phytophthora infestans; Phytophthora infestans (strain T30-4) (Potato late blight agent)	hemibiotroph	287	0	0.000000	2008	hypersensitive response assay	Functional test in host: direct injection; PEACE source memberships: EffectorP_3.0_positives;WideEffHunter;pooe_positive_sequences; Predector literature record	yes	7af409156ee7e82b7ea34b1c14cdea8a60652c952fc69d6c32d93056429556fc
B2C6F3		PEACE curated positives; PHI-base	90b8fc902f0b444e7f21adf75dae41a05931cc5f; v4.19	Phytophthora sojae	hemibiotroph	504	0	0.000000	2012	hypersensitive response assay	Functional test in host: transient expression; PEACE source memberships: WideEffHunter;pooe_positive_sequences	yes	8348b977d14eb0ef133d3c27585318a24e5c50ae72e0d263be23acab08e454eb
B2C6F5	G4ZRQ7	PEACE curated positives; PHI-base; Predector confirmed set	3d2a591fadbe7c398c1ac398371b3b2610a60d46; 90b8fc902f0b444e7f21adf75dae41a05931cc5f; v4.19	Phytophthora sojae; Phytophthora sojae (strain P6497) (Soybean stem and root rot agent) (Phytophthora megasperma f. sp. glycines)	hemibiotroph	279	4	0.014337	2010	hypersensitive response assay	Altered gene expression / gene regulation: silencing; PEACE source memberships: EffectorP_3.0_positives;WideEffHunter;pooe_positive_sequences; Predector literature record	yes	e4e5e64edfebf8c180932cb6af15282e5df48698d293f2ff44e817d0a98807a4
B2C6F8		PEACE curated positives; PHI-base	90b8fc902f0b444e7f21adf75dae41a05931cc5f; v4.19	Hyaloperonospora arabidopsidis	unknown	415	0	0.000000	2012	hypersensitive response assay	Functional test in host: transient expression; PEACE source memberships: WideEffHunter	yes	3276e47b7ca619d4c5d3155236669b7c9c8a342ffcd98c298a9a9b335c162562
B2ZCS6		Predector confirmed set	3d2a591fadbe7c398c1ac398371b3b2610a60d46	Melampsora larici-populina	biotroph	111	11	0.099099	2017	hypersensitive response assay	Predector literature record	yes	fdbc4b4d8365597370f3a34f4b7867fb3785599241d2372b2ffa7b6ee95ab71e
B9A9V1		PEACE curated positives; PHI-base	90b8fc902f0b444e7f21adf75dae41a05931cc5f; v4.19	Magnaporthe oryzae	hemibiotroph	147	2	0.013605	2010	hypersensitive response assay	Functional test in host; PEACE source memberships: EffHunter_positive;EffectorP_1.0;EffectorP_2.0;EffectorP_3.0_positives;Predector_positive_sequences;WideEffHunter;fungtion_positive_sequences	yes	943bf5c9c5d99ecf14af7b63229436786f23e897713e02f3e64d9a64263b7d7f
B9WZW9		PHI-base	v4.19	Magnaporthe oryzae	hemibiotroph	85	2	0.023529	2007	hypersensitive response assay	Sexual cross, sequencing of resistance conferring allele	yes	3beb3462349141ce0f3e008b2a8dc88d0655200ffc0624a89bc750f4e03bc821
B9ZUL0		PEACE curated positives; PHI-base; Predector confirmed set	3d2a591fadbe7c398c1ac398371b3b2610a60d46; 90b8fc902f0b444e7f21adf75dae41a05931cc5f; v4.19	Leptosphaeria maculans	hemibiotroph	143	8	0.055944	2008	hypersensitive response assay	Gene disruption; gene complementation; PEACE source memberships: EffHunter_positive;EffectorP_1.0;EffectorP_2.0;EffectorP_3.0_positives;FunEffector-Pred;Predector_positive_sequences;WideEffHunter;fungtion_positive_sequences; Predector literature record	yes	3d699543343be1d284736b5c22de9974e0b210138e2845bb17096c882c9fe15b
C0LF23		PEACE curated positives; PHI-base; Predector confirmed set	3d2a591fadbe7c398c1ac398371b3b2610a60d46; 90b8fc902f0b444e7f21adf75dae41a05931cc5f; v4.19	Phytophthora sojae	hemibiotroph	220	1	0.004545	2009	hypersensitive response assay	Gene mutation; PEACE source memberships: EffectorP_3.0_positives;WideEffHunter;pooe_positive_sequences; Predector literature record	yes	ee693e9505b02e8892bdc96be61f5884ffa357e82683b9c51cd7df78ea071731
C1KJG7		PEACE curated positives; PHI-base; Predector confirmed set	3d2a591fadbe7c398c1ac398371b3b2610a60d46; 90b8fc902f0b444e7f21adf75dae41a05931cc5f; v4.19	Magnaporthe oryzae	hemibiotroph	224	9	0.040179	2010	hypersensitive response assay	Gene deletion; PEACE source memberships: EffHunter_positive;EffectorP_1.0;EffectorP_2.0;EffectorP_3.0_positives;FunEffector-Pred;WideEffHunter;fungtion_positive_sequences; Predector literature record	yes	fb8a910f2f4b2aecc58b2dffbf98f328b91bd16d4f9fcb0bec63dcd1ad7273c1
C1KJH7		PHI-base	v4.19	Magnaporthe oryzae	hemibiotroph	224	8	0.035714	2010	hypersensitive response assay	Gene deletion	yes	72299485baf5fc7bad55dda1b3d56e4413c56aed7a7a2d53053c6c2ac0a9d224
C1KJH9		PHI-base	v4.19	Magnaporthe oryzae	hemibiotroph	224	8	0.035714	2010	hypersensitive response assay	Gene deletion	yes	149745237dd094308889ba245936a60ff49b48f73d67a83751ff9c32965c3b92
C1KJI7		PHI-base	v4.19	Magnaporthe oryzae	hemibiotroph	224	9	0.040179	2010	hypersensitive response assay	Functional test in host	yes	e95a5b3b1ebf083dc0c6f9d8f077d9bcf712707041aa0ed6067739057d351f36
C4B8B7		PEACE curated positives; PHI-base; Predector confirmed set	3d2a591fadbe7c398c1ac398371b3b2610a60d46; 90b8fc902f0b444e7f21adf75dae41a05931cc5f; v4.19	Magnaporthe oryzae	hemibiotroph	70	3	0.042857	2009	hypersensitive response assay	Functional test in host; PEACE source memberships: EffHunter_positive;EffectorP_1.0;EffectorP_2.0;EffectorP_3.0_positives;FunEffector-Pred;Predector_positive_sequences;WideEffHunter;fungtion_positive_sequences; Predector literature record	yes	1cff161ee120ac3970633bd6370a7916556a5d70ae22d551879fb4328c576a2e
C4B8B8		PEACE curated positives; PHI-base; Predector confirmed set	3d2a591fadbe7c398c1ac398371b3b2610a60d46; 90b8fc902f0b444e7f21adf75dae41a05931cc5f; v4.19	Magnaporthe oryzae	hemibiotroph	113	3	0.026549	2009	hypersensitive response assay	Gene mutation; PEACE source memberships: EffHunter_positive;EffectorP_1.0;EffectorP_2.0;EffectorP_3.0_positives;FunEffector-Pred;Predector_positive_sequences;WideEffHunter;fungtion_positive_sequences; Predector literature record	yes	c7574dc4d420cb28a77dbbe4c3faec7c3026a8174f2137dc399c3423ac5dfde9
C4B8B9		PHI-base; Predector confirmed set	3d2a591fadbe7c398c1ac398371b3b2610a60d46; v4.19	Magnaporthe oryzae	hemibiotroph	113	3	0.026549	2009	hypersensitive response assay	Functional test in host; Predector literature record	yes	7bad71a3f360acbebf14fc8dd390f1c395c066978304a700ecf8200f7ddcc09a
C4B8C2		Predector confirmed set	3d2a591fadbe7c398c1ac398371b3b2610a60d46	Magnaporthe oryzae	hemibiotroph	113	3	0.026549	2018	hypersensitive response assay	Predector literature record	yes	7c1f28ed3445bb9bf26f97048a4979a65b2b118b1fd578a9c5281cb0b094787b
C6ZEZ6		PEACE curated positives; PHI-base; Predector confirmed set	3d2a591fadbe7c398c1ac398371b3b2610a60d46; 90b8fc902f0b444e7f21adf75dae41a05931cc5f; v4.19	Magnaporthe oryzae	hemibiotroph	108	5	0.046296	2009	hypersensitive response assay	Functional test in host; PEACE source memberships: EffHunter_positive;EffectorP_1.0;EffectorP_2.0;EffectorP_3.0_positives;FunEffector-Pred;Predector_positive_sequences;WideEffHunter;fungtion_positive_sequences; Predector literature record	yes	4d1c8f7ea9a6013636445b6a0475f3dae569574b332ffc44fee91d4100f7933d
C9WMG8		PEACE curated positives; PHI-base	90b8fc902f0b444e7f21adf75dae41a05931cc5f; v4.19	Fusarium oxysporum	hemibiotroph	225	9	0.040000	2013	hypersensitive response assay	Gene deletion; gene complementation; PEACE source memberships: FunEffector-Pred;fungtion_positive_sequences	yes	bb015aa9b6749062bfbf0f0971483d90363f85869808bf21e8418c0c051b750d
D0MZL5	D0MZL5	PEACE curated positives; PHI-base	90b8fc902f0b444e7f21adf75dae41a05931cc5f; v4.19	Phytophthora infestans; Phytophthora infestans (strain T30-4) (Potato late blight agent)	hemibiotroph	144	1	0.006944	2013	hypersensitive response assay	Altered gene expression / gene regulation: silencing; PEACE source memberships: EffectorP_3.0_positives;WideEffHunter	yes	c938e9b246ed254c5b1ecb29a0924686c454648e644e10b35db44e05788fe9d4
D0N0I4		PEACE curated positives; PHI-base	90b8fc902f0b444e7f21adf75dae41a05931cc5f; v4.19	Phytophthora infestans	hemibiotroph	100	0	0.000000	2015	hypersensitive response assay	Gene mutation; PEACE source memberships: WideEffHunter	yes	69517e4a6d03a4d58bdf5d3c4b7933e518a62cf4822aad11532799682361bf94
D0N607	D0N607	PHI-base	v4.19	Phytophthora infestans; Phytophthora infestans (strain T30-4) (Potato late blight agent)	hemibiotroph	198	1	0.005051	2024	hypersensitive response assay	Functional test in host: transient expression	yes	036f50479d14c74493a2360e0a273d642bd080317bd813d8f16f3dd96c97d1c3
D0N8M0		PEACE curated positives; PHI-base	90b8fc902f0b444e7f21adf75dae41a05931cc5f; v4.19	Phytophthora infestans	hemibiotroph	238	0	0.000000	2020	hypersensitive response assay	Functional test in host: transient expression; PEACE source memberships: pooe_positive_sequences	yes	74a33770a35d21f4186823fab5a10f2c0678fb71cf10a99879ca78c4862f99e6
D0N8M8		PHI-base	v4.19	Phytophthora infestans	hemibiotroph	244	2	0.008197	2020	hypersensitive response assay	Functional test in host: transient expression	yes	88566f080a84af71a72f0e07a8394203e2aec80a19d6ee513527b23f8373d5df
D0NBV1	D0NBV1	PEACE curated positives; PHI-base	90b8fc902f0b444e7f21adf75dae41a05931cc5f; v4.19	Phytophthora infestans; Phytophthora infestans (strain T30-4) (Potato late blight agent)	hemibiotroph	126	4	0.031746	2009	hypersensitive response assay	Functional test in host: transient expression; PEACE source memberships: EffectorP_3.0_positives;WideEffHunter	yes	0d6d37f999ae08c5af14b5b86160be79cd29c00d22730497c828516ac38e96ed
D0NBV3	D0NBV3	PHI-base	v4.19	Phytophthora infestans; Phytophthora infestans (strain T30-4) (Potato late blight agent)	hemibiotroph	125	4	0.032000	2009	hypersensitive response assay	Functional test in host: transient expression	yes	586c245be3d2a5d74c2507c555f876c9c86ff724a8a7f56b76d45f420d3dbaab
D0NDJ8		PEACE curated positives; PHI-base; Predector confirmed set	3d2a591fadbe7c398c1ac398371b3b2610a60d46; 90b8fc902f0b444e7f21adf75dae41a05931cc5f; v4.19	Phytophthora infestans	hemibiotroph	116	1	0.008621	2012	hypersensitive response assay	Other evidence; PEACE source memberships: EffectorP_3.0_positives;WideEffHunter; Predector literature record	yes	b12a615a83783f21ac23e05aae4005378a4a12b25e257c5068d854b258d8e2a2
D0NIL2		Predector confirmed set	3d2a591fadbe7c398c1ac398371b3b2610a60d46	Phytophthora infestans	hemibiotroph	121	0	0.000000	2005	validated host-target interaction	Predector literature record	unknown	b244dc5b4fa26dda247b42b79897fba0bf8bbb4c7f40642e30fdcdf1d3e0f0b4
D0NN59		PEACE curated positives; Predector confirmed set	3d2a591fadbe7c398c1ac398371b3b2610a60d46; 90b8fc902f0b444e7f21adf75dae41a05931cc5f	Phytophthora infestans	hemibiotroph	114	1	0.008772	2012	hypersensitive response assay	PEACE source memberships: EffectorP_3.0_positives; Predector literature record	yes	20fbcbce32e4ffa061fe6de41bdd95e5d29b341f7ee117847663473f3caee7b6
D0NPN8	D0NPN8	PEACE curated positives; PHI-base; Predector confirmed set	3d2a591fadbe7c398c1ac398371b3b2610a60d46; 90b8fc902f0b444e7f21adf75dae41a05931cc5f; v4.19	Phytophthora infestans; Phytophthora infestans (strain T30-4) (Potato late blight agent)	hemibiotroph	147	0	0.000000	2010	hypersensitive response assay	Functional test in host: transient expression; Other evidence; PEACE source memberships: EffectorP_3.0_positives;WideEffHunter; Predector literature record	yes	4cde68aecc46bddb2265ac5311d832df4e134c4b6f38188d330255507761de0b
D0NRS4	D0NRS4	PEACE curated positives; PHI-base	90b8fc902f0b444e7f21adf75dae41a05931cc5f; v4.19	Phytophthora infestans; Phytophthora infestans (strain T30-4) (Potato late blight agent)	hemibiotroph	760	1	0.001316	2017	hypersensitive response assay	Gene mutation; PEACE source memberships: pooe_positive_sequences	yes	5ea6b29dd4f400ca460dbd926ecc0c15106db27844ae6d3e343f29d30b725a22
D0NTY1	D0NTY1	PEACE curated positives; PHI-base; Predector confirmed set	3d2a591fadbe7c398c1ac398371b3b2610a60d46; 90b8fc902f0b444e7f21adf75dae41a05931cc5f; v4.19	Phytophthora infestans; Phytophthora infestans (strain T30-4) (Potato late blight agent)	hemibiotroph	153	0	0.000000	2012	hypersensitive response assay	Functional test in host: transient expression; PEACE source memberships: EffectorP_3.0_positives;pooe_positive_sequences; Predector literature record	yes	608a899ca683b13064db0bb760c251f2080466c0a45b9cfe54306aedc1418a1d
D0NVB5	D0NVB5	PEACE curated positives; PHI-base; Predector confirmed set	3d2a591fadbe7c398c1ac398371b3b2610a60d46; 90b8fc902f0b444e7f21adf75dae41a05931cc5f; v4.19	Phytophthora infestans; Phytophthora infestans (strain T30-4) (Potato late blight agent)	hemibiotroph	208	1	0.004808	2015	hypersensitive response assay	Functional test in host: transient expression; PEACE source memberships: EffectorP_3.0_positives;WideEffHunter;pooe_positive_sequences; Predector literature record	yes	f0d7bdf1552a793551c1fffab580d7c35eedb9e2783dc7d944a3c4e21fc1815e
D0NXM3	D0NXM3	PEACE curated positives; PHI-base; Predector confirmed set	3d2a591fadbe7c398c1ac398371b3b2610a60d46; 90b8fc902f0b444e7f21adf75dae41a05931cc5f; v4.19	Phytophthora infestans; Phytophthora infestans (strain T30-4) (Potato late blight agent)	hemibiotroph	148	0	0.000000	2011	hypersensitive response assay	Functional test in host: transient expression; PEACE source memberships: EffectorP_3.0_positives;pooe_positive_sequences; Predector literature record	yes	55c9f26b463e0c52ed60530f72b6c19df3d586b65dd6c9dff69347e894a5e3a8
D0P1A8	D0P1A8	PHI-base	v4.19	Phytophthora infestans; Phytophthora infestans (strain T30-4) (Potato late blight agent)	hemibiotroph	100	0	0.000000	2020	hypersensitive response assay	Gene deletion: full	yes	9d25d4b6bae046948acc9e63ba4cc98414803848532c238b5f9ed4bdcb09e08a
D0P1B2	D0P1B2	PEACE curated positives; PHI-base; Predector confirmed set	3d2a591fadbe7c398c1ac398371b3b2610a60d46; 90b8fc902f0b444e7f21adf75dae41a05931cc5f; v4.19	Phytophthora infestans; Phytophthora infestans (strain T30-4) (Potato late blight agent)	hemibiotroph	100	0	0.000000	2011	hypersensitive response assay	Functional test in host: transient expression; PEACE source memberships: EffectorP_3.0_positives; Predector literature record	yes	79aeaeefd9ef30044475c3e478f0547c6c1fd58e289418c758fd12ff3125e337
D0P3S7	D0P3S7	PEACE curated positives; PHI-base; Predector confirmed set	3d2a591fadbe7c398c1ac398371b3b2610a60d46; 90b8fc902f0b444e7f21adf75dae41a05931cc5f; v4.19	Phytophthora infestans; Phytophthora infestans (strain T30-4) (Potato late blight agent)	hemibiotroph	152	0	0.000000	2012	hypersensitive response assay	Functional test in host: transient expression; PEACE source memberships: EffectorP_3.0_positives;pooe_positive_sequences; Predector literature record	yes	0af627839c2a43b24b6a5f1b959c4cefd8ecd24ce0348cd2d73a0d312c81e73f
D0U2D1		PEACE curated positives; PHI-base	90b8fc902f0b444e7f21adf75dae41a05931cc5f; v4.19	Fusarium oxysporum	hemibiotroph	163	3	0.018405	2009	hypersensitive response assay	Gene deletion: full; gene complementation; PEACE source memberships: FunEffector-Pred	yes	478783f83c563248f2273d5b338a24683b700534e6262559d160c317a5c10c5b
D5KLB3		PEACE curated positives; PHI-base	90b8fc902f0b444e7f21adf75dae41a05931cc5f; v4.19	Cercospora beticola	unknown	135	9	0.066667	2014	hypersensitive response assay	Gene mutation; PEACE source memberships: FunEffector-Pred;WideEffHunter;fungtion_positive_sequences	yes	b5743745b541c7f23bef9346ffd7f08398cd75cef1336f501e83cc828fa81b50
D5KLB5		PHI-base	v4.19	Cercospora apii	unknown	135	9	0.066667	2014	hypersensitive response assay	Gene mutation	yes	eae25dffe97332a0de004b5c098616cb11e7392d20a3330a7afc8b5bd560dd14
E0W4Q8		PEACE curated positives; PHI-base	90b8fc902f0b444e7f21adf75dae41a05931cc5f; v4.19	Phytophthora sojae	hemibiotroph	274	1	0.003650	2021	hypersensitive response assay	Gene deletion: full; PEACE source memberships: pooe_positive_sequences	yes	36752c7d52128f8c0b8b2baebda556b2326cd39eae8fdaefe7896701c5ba871a
E0W4U2		PHI-base	v4.19	Phytophthora sojae	hemibiotroph	136	1	0.007353	2023	hypersensitive response assay	Gene deletion: full	yes	109db63df57acd090c03df9b2d41added89c1592e0f1431b4de2509eba6b9202
E0W4V8_PHYSO		PEACE curated positives; Predector confirmed set	3d2a591fadbe7c398c1ac398371b3b2610a60d46; 90b8fc902f0b444e7f21adf75dae41a05931cc5f	Phytophthora sojae	hemibiotroph	314	2	0.006369	2011	hypersensitive response assay	PEACE source memberships: EffectorP_3.0_positives;pooe_positive_sequences; Predector literature record	yes	7e1c93d066f98ffba26e0400537acbb99026180f83412176e26a71924ec64e8d
E0W4Y2	E0W4Y2	PEACE curated positives; PHI-base; Predector confirmed set	3d2a591fadbe7c398c1ac398371b3b2610a60d46; 90b8fc902f0b444e7f21adf75dae41a05931cc5f; v4.19	Phytophthora sojae; Phytophthora sojae (Soybean stem and root rot agent) (Phytophthora megasperma f. sp. glycines)	hemibiotroph	188	1	0.005319	2012	hypersensitive response assay	Altered gene expression / gene regulation: overexpression; PEACE source memberships: EffectorP_3.0_positives;WideEffHunter;pooe_positive_sequences; Predector literature record	yes	468835441154c2303be301ce31e6b5725ce9a82cf2d2109f571014c099c0ca7a
E0W544	E0W544	PEACE curated positives; PHI-base	90b8fc902f0b444e7f21adf75dae41a05931cc5f; v4.19	Phytophthora sojae; Phytophthora sojae (Soybean stem and root rot agent) (Phytophthora megasperma f. sp. glycines)	hemibiotroph	140	0	0.000000	2017	hypersensitive response assay	Gene deletion: full; PEACE source memberships: WideEffHunter;pooe_positive_sequences	yes	567864a788e804c5e8a6b062f62d76418c2c6a5714bd6475f668840068b4cdfe
E0W547	E0W547	PEACE curated positives; PHI-base; Predector confirmed set	3d2a591fadbe7c398c1ac398371b3b2610a60d46; 90b8fc902f0b444e7f21adf75dae41a05931cc5f; v4.19	Phytophthora sojae; Phytophthora sojae (Soybean stem and root rot agent) (Phytophthora megasperma f. sp. glycines)	hemibiotroph	135	0	0.000000	2013	hypersensitive response assay	Gene mutation: characterised; PEACE source memberships: EffectorP_3.0_positives;WideEffHunter; Predector literature record	yes	e6c01ff703d9b3e5766b51fd353e30b7b09cd653d96c56c5d76c9c45844f734f
E0W5A0		PHI-base	v4.19	Phytophthora sojae	hemibiotroph	130	0	0.000000	2017	hypersensitive response assay	Functional test in host: direct injection	yes	fb4724fa4949b7654a9c506660cc780cce16cf5cd8a1ac4fedd0a532b5c9220b
E0W5Q5_PHYSO	G4YRX5	PEACE curated positives; Predector confirmed set	3d2a591fadbe7c398c1ac398371b3b2610a60d46; 90b8fc902f0b444e7f21adf75dae41a05931cc5f	Phytophthora sojae; Phytophthora sojae (strain P6497) (Soybean stem and root rot agent) (Phytophthora megasperma f. sp. glycines)	hemibiotroph	106	1	0.009434	2011	hypersensitive response assay	PEACE source memberships: EffectorP_3.0_positives;pooe_positive_sequences; Predector literature record	yes	5ef01d359e0ec07fb2cab52cdd5d37f7f9b8d7d15aaf9adc2e68f66c7da98d17
E3CTN3		PHI-base	v4.19	Ustilago maydis	biotroph	369	0	0.000000	2024	hypersensitive response assay	Gene deletion: full	yes	ccb8e7f83a8824bfbbd7c7beb97d98adf125eaf1e436a9fb1fa9cdda1a702088
E3KHU8		PEACE curated positives; PHI-base	90b8fc902f0b444e7f21adf75dae41a05931cc5f; v4.19	Puccinia graminis	biotroph	145	2	0.013793	2019	hypersensitive response assay	Other evidence: transgenic plants; PEACE source memberships: FunEffector-Pred;WideEffHunter;fungtion_positive_sequences	yes	18c1ff408b60626baa11e32ea978f244393a2021b7942e67a8dcfe90d0efd659
E3KIN4		PEACE curated positives; Predector confirmed set	3d2a591fadbe7c398c1ac398371b3b2610a60d46; 90b8fc902f0b444e7f21adf75dae41a05931cc5f	Puccinia graminis f. sp. tritici	biotroph	820	7	0.008537	2011	validated host-target interaction	PEACE source memberships: Predector_positive_sequences;WideEffHunter; Predector literature record	no	1b77b330eb67d26531e164013b80e88f62d4ecf8cd376fc0dba0c4571141059e
E3L2L4		PEACE curated positives; Predector confirmed set	3d2a591fadbe7c398c1ac398371b3b2610a60d46; 90b8fc902f0b444e7f21adf75dae41a05931cc5f	Puccinia graminis f. sp. tritici	biotroph	744	4	0.005376	2011	validated host-target interaction	PEACE source memberships: Predector_positive_sequences;WideEffHunter; Predector literature record	no	ccb6339e41d555e1755d4feda0018c607ff382186880ef25fee82b4d6bb75a23
E3Q704		PHI-base	v4.19	Fusarium sacchari	hemibiotroph	214	8	0.037383	2023	hypersensitive response assay	Gene deletion: full ; gene complementation	yes	32e63169c97b78c5e6f3488fa23c0e3b286111d6c057a8d482f2e57907765acf
E3QD10		PHI-base	v4.19	Fusarium sacchari	hemibiotroph	156	10	0.064103	2023	hypersensitive response assay	Gene deletion: full ; gene complementation	yes	cdeba48aa02204b286d97c96b89acc90770ca4527c83ec0efa7120ff3a9f0057
E3QKL1	E3QKL1	PEACE curated positives; PHI-base	90b8fc902f0b444e7f21adf75dae41a05931cc5f; v4.19	Colletotrichum graminicola; Colletotrichum graminicola (strain M1.001 / M2 / FGSC 10212) (Maize anthracnose fungus) (Glomerella graminicola)	hemibiotroph	639	5	0.007825	2016	hypersensitive response assay	Gene deletion: full; gene complementation; PEACE source memberships: EffHunter_positive;EffectorP_2.0;EffectorP_3.0_positives;FunEffector-Pred;Predector_positive_sequences;WideEffHunter;fungtion_positive_sequences	yes	616d6bf4a5004b0582ae5cfaae7020941c8466646835b7c5fa757c71cb4e261c
E3QRC0		PHI-base	v4.19	Fusarium sacchari	hemibiotroph	284	8	0.028169	2023	hypersensitive response assay	Gene deletion: full ; gene complementation	yes	59bcf15fdcccf8e4f02dac8bb6d183ab5f301b239226272c6b4921b11cf3b8ae
E4ZT77		PEACE curated positives; Predector confirmed set	3d2a591fadbe7c398c1ac398371b3b2610a60d46; 90b8fc902f0b444e7f21adf75dae41a05931cc5f	Leptosphaeria maculans	hemibiotroph	95	8	0.084211	2011	hypersensitive response assay	PEACE source memberships: EffHunter_positive;EffectorP_1.0;EffectorP_2.0;EffectorP_3.0_positives;Predector_positive_sequences;WideEffHunter;fungtion_positive_sequences; Predector literature record	yes	aed4fe325a34ae9dc63c213f5a0b5dd770bfc01b41d09293694f2d7f1d6b8566
E4ZT84		PHI-base	v4.19	Leptosphaeria maculans	hemibiotroph	106	4	0.037736	2013	hypersensitive response assay	Functional test in host	yes	e5ef1e4ec57eb5edfc6227de47191df68b9360fca9e85cd7977bc407d1d5351d
E4ZUN5		PHI-base	v4.19	Leptosphaeria maculans	hemibiotroph	658	15	0.022796	2024	hypersensitive response assay	Gene deletion: full	yes	cacefbd08e9d5df4e06577f0e8044491351335241c01fcec319d2a740c92ccc7
E6YE64	M4C699	PEACE curated positives; PHI-base	90b8fc902f0b444e7f21adf75dae41a05931cc5f; v4.19	Hyaloperonospora arabidopsidis; Hyaloperonospora arabidopsidis (strain Emoy2) (Downy mildew agent) (Peronospora arabidopsidis)	unknown	367	1	0.002725	2011	hypersensitive response assay	Functional test in host: transient expression; PEACE source memberships: EffectorP_3.0_positives;WideEffHunter	yes	5bbd6685e7fcfb5147ce74ba8ee84ac2d1d9ba8ab3436745f0a225f3f538d779
E6ZKQ0		PHI-base	v4.19	Sporisorium reilianum	unknown	492	2	0.004065	2018	hypersensitive response assay	Gene deletion: full	yes	d726d9c1d78de1585bf30a651c4e96d0ceb1851aa79781836f95e725a9d8626e
E6ZKU6		PHI-base	v4.19	Sporisorium reilianum	unknown	436	9	0.020642	2019	hypersensitive response assay	Gene deletion: full	yes	eb5161b965ad5acf64a2eb7ceb712533130bd782b635a6b70fa89b28dfa63a18
E6ZLL5		PHI-base	v4.19	Sporisorium reilianum	unknown	185	8	0.043243	2018	hypersensitive response assay	Gene deletion: full	yes	fd6b55d64765d6f0a13e2371beea910d41ae19e82a692b6a85d6797c900ecbaf
E6ZMP5		PHI-base	v4.19	Sporisorium reilianum	unknown	129	0	0.000000	2019	hypersensitive response assay	Gene deletion: full	yes	4657b2dc32e4a3a3c361c1cbffc3a520512a0db90e3b8bf408f64261e360298c
E6ZMP6		PHI-base	v4.19	Sporisorium reilianum	unknown	523	6	0.011472	2019	hypersensitive response assay	Gene deletion: full	yes	649884147b1ace62af10e375c00596d9869a9eed523b6d7d6ad82e122cc51733
E6ZMP7		PHI-base	v4.19	Sporisorium reilianum	unknown	533	15	0.028143	2019	hypersensitive response assay	Gene deletion: full	yes	4523796e5d32667505ed1d4226d49972310b778c754d9c8b581b522a29bbfa24
E6ZMQ1		PHI-base	v4.19	Sporisorium reilianum	unknown	108	0	0.000000	2019	hypersensitive response assay	Gene deletion: full	yes	c15da24770bb883015684baa4520035a0c367dd0850545beaace2b26a59b4f4e
E6ZN54		PHI-base	v4.19	Sporisorium reilianum	unknown	160	0	0.000000	2018	hypersensitive response assay	Gene deletion: full	yes	da19e72603141d7e9d2455a5b1f00713d6cc4213f213e2e29fe05818a373c2bc
E6ZPZ7		PHI-base	v4.19	Sporisorium reilianum	unknown	612	16	0.026144	2019	hypersensitive response assay	Gene deletion: full	yes	ad7298c5515ba75f336d9c69a91fec0865cd8b14601e0516bc9c15e8ccde3422
E6ZS63		PHI-base	v4.19	Sporisorium reilianum	unknown	205	1	0.004878	2019	hypersensitive response assay	Gene deletion: full	yes	97db99f06c8648bff57de5dfd23da54fbfb4c5472d497fbd5712425a1a442a05
E6ZS64		PHI-base	v4.19	Sporisorium reilianum	unknown	231	0	0.000000	2019	hypersensitive response assay	Gene deletion: full	yes	06f8cc66a2162e0d43b2734298b8ea4cf6447ccd52b87687d65f80f13bdb256a
E6ZS65		PHI-base	v4.19	Sporisorium reilianum	unknown	192	1	0.005208	2019	hypersensitive response assay	Gene deletion: full	yes	92286c7bc38a674eb400c15ec9a17678a59af28d4c368746a6b3f6933fb8d0fb
E6ZS66		PHI-base	v4.19	Sporisorium reilianum	unknown	239	2	0.008368	2019	hypersensitive response assay	Gene deletion: full	yes	c5de0e459b3aa8906e2f0d3e46a93afc23eb34e4c8f08d7f759ca32a312c0ac9
E6ZS67		PHI-base	v4.19	Sporisorium reilianum	unknown	216	0	0.000000	2019	hypersensitive response assay	Gene deletion: full	yes	fb16a4e5be49c9b0f9ab729f29b948f138326fccfb2bd538d4170aa5094f2cef
E6ZS68		PHI-base	v4.19	Sporisorium reilianum	unknown	256	1	0.003906	2019	hypersensitive response assay	Gene deletion: full	yes	39e9ce0c6d3eb121beab964a7f47cbf8e15591c1c92d39c35557ba7c6da99950
E6ZS69		PHI-base	v4.19	Sporisorium reilianum	unknown	153	0	0.000000	2019	hypersensitive response assay	Gene deletion: full	yes	a80f2eacf3a13427b3de947d56b9da80215c7d105cfacfbfac6d5f47ead79093
E6ZS70		PHI-base	v4.19	Sporisorium reilianum	unknown	339	4	0.011799	2019	hypersensitive response assay	Gene deletion: full	yes	2c153e1c29e3c49010539b42739234a73502c2eaedcdff2aceeb52c0791c95d5
E6ZS71		PHI-base	v4.19	Sporisorium reilianum	unknown	206	1	0.004854	2019	hypersensitive response assay	Gene deletion: full	yes	2bd82541d1cc655fb2b37abc3552facb9b2d8e5e69c7b4e38db1e4376a8d2c4e
E6ZS72		PHI-base	v4.19	Sporisorium reilianum	unknown	103	0	0.000000	2019	hypersensitive response assay	Gene deletion: full	yes	e05e024325a6dbb45af938f2cc9246b469cf3baebcc52f0c330305552bf659fe
E6ZS73		PHI-base	v4.19	Sporisorium reilianum	unknown	246	1	0.004065	2019	hypersensitive response assay	Gene deletion: full	yes	0f4ea51030ed0536cbb2d73407be0bc9ca0c56f942a0bf31e0ae247d72bab011
E6ZS74		PHI-base	v4.19	Sporisorium reilianum	unknown	279	0	0.000000	2019	hypersensitive response assay	Gene deletion: full	yes	31da0566da8bda293b794ce53dd9e91185f9fdbde13a1df4fb583a5e4908246b
E6ZS75		PHI-base	v4.19	Sporisorium reilianum	unknown	218	0	0.000000	2019	hypersensitive response assay	Gene deletion: full	yes	406cd18594ef04985e899da61f935405fd697dc7115d1b1ff7b4d7192f5bfae8
E6ZS76		PHI-base	v4.19	Sporisorium reilianum	unknown	571	11	0.019264	2019	hypersensitive response assay	Gene deletion: full	yes	021be365d901f96fba9feadcad300674ae24e4762138ae8011357bf6c343af93
E6ZS77		PHI-base	v4.19	Sporisorium reilianum	unknown	297	3	0.010101	2019	hypersensitive response assay	Gene deletion: full	yes	dbdf8f3e3ec9474e27c653639d250e8fcca56ebfd169e8165d2c9063fbae70ff
E6ZS78		PHI-base	v4.19	Sporisorium reilianum	unknown	580	10	0.017241	2019	hypersensitive response assay	Gene deletion: full	yes	a2139b6735bb1e6a9dea662a477a69f867a6bcac0161f1c9e9bd1763c9b86b38
E6ZS79		PHI-base	v4.19	Sporisorium reilianum	unknown	1464	20	0.013661	2019	hypersensitive response assay	Gene deletion: full	yes	79fe049fb8d856dc7072bd66796e0ffdd3a8ee59699168ee70118485a2fe383e
E6ZS80		PHI-base	v4.19	Sporisorium reilianum	unknown	292	0	0.000000	2019	hypersensitive response assay	Gene deletion: full	yes	449d09f1737e6eee8e0b05cc997be0c40e982e0086471cd852e1ef920288661c
E6ZS81		PHI-base	v4.19	Sporisorium reilianum	unknown	181	0	0.000000	2019	hypersensitive response assay	Gene deletion: full	yes	fca67712b7d7b93c84122daec3093fcd709bed5962c8f7343391c9a0cf27267c
E6ZS82		PHI-base	v4.19	Sporisorium reilianum	unknown	273	11	0.040293	2019	hypersensitive response assay	Gene deletion: full	yes	b1d8b45fa17df45b7601ed6f1e5e573a8cdf5df3c5f3d89328ff34c6290c0bb4
E6ZS83		PHI-base	v4.19	Sporisorium reilianum	unknown	119	1	0.008403	2019	hypersensitive response assay	Gene deletion: full	yes	d7c1724800f774898e1db6a8d6d8f6d169824cd53311106b178e3f9d09a7a3bc
E6ZS84		PHI-base	v4.19	Sporisorium reilianum	unknown	267	1	0.003745	2019	hypersensitive response assay	Gene deletion: full	yes	7c8cb79b801a95dc48d6a9dcf361f04bef39db5f151b06f782f8ccd63f4bae65
E6ZS85		PHI-base	v4.19	Sporisorium reilianum	unknown	178	1	0.005618	2019	hypersensitive response assay	Gene deletion: full	yes	c09daff1be0416e86769cc0641cca1a7716b6e0d5d4ff191c7468db61c27f50f
E6ZS86		PHI-base	v4.19	Sporisorium reilianum	unknown	178	0	0.000000	2019	hypersensitive response assay	Gene deletion: full	yes	63a3e1923243c6fa308d1bff6867b50573cb5b6b3d418a678ddd603ee97e17ba
E6ZS87		PHI-base	v4.19	Sporisorium reilianum	unknown	234	1	0.004274	2019	hypersensitive response assay	Gene deletion: full	yes	25b10ad8e966ef4fae443f07fca7ae993c6ea843b4d8ccf3dfc661e2d4324688
E6ZS88		PHI-base	v4.19	Sporisorium reilianum	unknown	154	4	0.025974	2019	hypersensitive response assay	Gene deletion: full	yes	7b36674ecf2977a98e5b8b2e94ab552cb4e9774a411d2067f7c3582ac014d530
E6ZS90		PHI-base	v4.19	Sporisorium reilianum	unknown	180	2	0.011111	2019	hypersensitive response assay	Gene deletion: full	yes	2e88879a0ec4d79c4d8ebf595c46d67527ae04919ac520954192cbb033a2f3a8
E6ZS91		PHI-base	v4.19	Sporisorium reilianum	unknown	182	2	0.010989	2019	hypersensitive response assay	Gene deletion: full	yes	f5d723d39e4b12c39d246fad7283b4bcaa2e1ee91bee463e9487218a16fd5281
E6ZS92		PEACE curated positives; PHI-base	90b8fc902f0b444e7f21adf75dae41a05931cc5f; v4.19	Sporisorium reilianum	unknown	180	2	0.011111	2019	hypersensitive response assay	Gene deletion: full; PEACE source memberships: EffectorP_2.0_validation;EffectorP_3.0_positives;Predector_positive_sequences;fungtion_positive_sequences	yes	5fbf2ef1c52278fd03d603a52e98ef752ba74a612bbce65b2dad0c57eb995f72
E6ZS93		PHI-base	v4.19	Sporisorium reilianum	unknown	183	1	0.005464	2019	hypersensitive response assay	Gene deletion: full	yes	e0ef717c07a746bbce86b6e2dad20056d13f607c1ef4575f86ed1d69cca5e20b
E6ZU78		PHI-base	v4.19	Sporisorium reilianum	unknown	117	0	0.000000	2018	hypersensitive response assay	Gene deletion: full	yes	c544e667d545b20d1ab5602d9623700190240f82af0584277cbee9e31c89f1e1
E6ZWS5		PHI-base	v4.19	Sporisorium reilianum	unknown	340	7	0.020588	2019	hypersensitive response assay	Gene deletion: full	yes	a84395cb98b7ce5b1d3203159fd3cd64309a3f2f669bbe4414803b739b0d6ae8
E6ZXT3		PHI-base	v4.19	Sporisorium reilianum	unknown	248	5	0.020161	2018	hypersensitive response assay	Gene deletion: full	yes	1ec7f7e9f51d5e87346bd6eb1e181da4429d6145219d20143999fc2a3395373e
E6ZY85		PHI-base	v4.19	Sporisorium reilianum	unknown	479	6	0.012526	2019	hypersensitive response assay	Gene deletion: full	yes	1b5e66285b71f487a035c5b1a939674d885c0be00d9e7efee0501e9adf1e036a
E6ZYE0		PHI-base	v4.19	Sporisorium reilianum	unknown	300	4	0.013333	2018	hypersensitive response assay	Gene deletion: full	yes	66bb29f1ca45e4664b7ea80ef96abe9d22ab72748f8dfeed316559e85594c85d
E6ZYY9		PHI-base	v4.19	Sporisorium reilianum	unknown	264	6	0.022727	2019	hypersensitive response assay	Gene deletion: full	yes	50eeaac9f0c720c7284fd7c463aab64301a327687bdaf3c7ddfd7f7efa8808c8
E6ZZM5		PHI-base	v4.19	Sporisorium reilianum	unknown	251	1	0.003984	2019	hypersensitive response assay	Gene deletion: full	yes	4f55fee804cfcd5e3b50ed667145a68cb8bb8a5166c446ae11a4683c07d9588d
E6ZZM6		PHI-base	v4.19	Sporisorium reilianum	unknown	309	3	0.009709	2019	hypersensitive response assay	Gene deletion: full	yes	a1f90bf128e3642c12a9ba21150b5c449eb55bd4cac932f50fda9907a213a583
E6ZZW9		PHI-base	v4.19	Sporisorium reilianum	unknown	264	9	0.034091	2019	hypersensitive response assay	Gene deletion: full	yes	d7ef4a163a4f129eaebff68e316f5f9c156894a93d018924562eb40f23f9eb95
E6ZZX0		PHI-base	v4.19	Sporisorium reilianum	unknown	287	4	0.013937	2019	hypersensitive response assay	Gene deletion: full	yes	c4919b7d3536bcdbf111b0fdc5835563de5601791f4da6eb4e590949054e3dc6
E6ZZX1		PHI-base	v4.19	Sporisorium reilianum	unknown	258	2	0.007752	2019	hypersensitive response assay	Gene deletion: full	yes	d488fba54c40834042bf0cc0f9102e76d30544ca6e5a6e6a529cfbcbc0cedb4b
E6ZZX2		PHI-base	v4.19	Sporisorium reilianum	unknown	274	1	0.003650	2019	hypersensitive response assay	Gene deletion: full	yes	1145cbd658b55d6c6d04654e4c7c3dc405897f27d5a82ae87a9cb44e796b7583
E6ZZX3		PHI-base	v4.19	Sporisorium reilianum	unknown	294	4	0.013605	2019	hypersensitive response assay	Gene deletion: full	yes	dd844776e59821a482da70570dac27924b0342d0276ed8c12aee57d28c0f2030
E7A094		PHI-base	v4.19	Sporisorium reilianum	unknown	416	1	0.002404	2019	hypersensitive response assay	Gene deletion: full	yes	dd601a32bd862e83bc5ba45967e335dd6d4af758e96f3829db80c01656011ebf
E7A095		PHI-base	v4.19	Sporisorium reilianum	unknown	182	0	0.000000	2019	hypersensitive response assay	Gene deletion: full	yes	862529ccf413ed6dd8702bce5b61453e94562234bf0f805296fd5ad4528ee0bc
E7A096		PHI-base	v4.19	Sporisorium reilianum	unknown	171	0	0.000000	2019	hypersensitive response assay	Gene deletion: full	yes	47e9f85ee2ee571b076968b3b3d227b51f6f61e3ab8110476149d14efe6face9
E7A097		PHI-base	v4.19	Sporisorium reilianum	unknown	188	1	0.005319	2019	hypersensitive response assay	Gene deletion: full	yes	9a28bfb3ae39f14e5d6f3c1310819c599aff5fbea1235e26a12f91e8c5437ade
E7A098		PHI-base	v4.19	Sporisorium reilianum	unknown	197	1	0.005076	2019	hypersensitive response assay	Gene deletion: full	yes	1a91033facd9af45a82b58a5be6f003534c1215da55ea0ad90395735f52b2266
E7A099		PHI-base	v4.19	Sporisorium reilianum	unknown	179	0	0.000000	2019	hypersensitive response assay	Gene deletion: full	yes	e0b78f60130899a17dfb74db820ee72b991937762be27d36d6fa1e4ab074976c
E7A0A0		PHI-base	v4.19	Sporisorium reilianum	unknown	156	2	0.012821	2019	hypersensitive response assay	Gene deletion: full	yes	8c4eb9a7a386da347302fc5d388e1324821ef46e54352f33acacac51ca5b36c8
E7A0A1		PHI-base	v4.19	Sporisorium reilianum	unknown	188	1	0.005319	2019	hypersensitive response assay	Gene deletion: full	yes	7de6f87f53d5dbffc584a3af024ebc634d4427f82fec8fca98de47e78b9e9a53
E7A0A2		PHI-base	v4.19	Sporisorium reilianum	unknown	187	2	0.010695	2019	hypersensitive response assay	Gene deletion: full	yes	15f9d22c9f0eb4b8e0263fe2bd78a48e7aff9ab3c2bd05ecc5061988e177cedf
E7A0A3		PHI-base	v4.19	Sporisorium reilianum	unknown	172	2	0.011628	2019	hypersensitive response assay	Gene deletion: full	yes	3e7d2cdc0ca920bd0759f2d5a920a8042a44a42fda71eafa95a94571db5d289a
E7A0A4		PHI-base	v4.19	Sporisorium reilianum	unknown	178	1	0.005618	2019	hypersensitive response assay	Gene deletion: full	yes	8c34127cc64ddac56928761425a144b9233f2bb4b6338aadafb9c557c9d433a8
E7A0A5		PHI-base	v4.19	Sporisorium reilianum	unknown	289	2	0.006920	2019	hypersensitive response assay	Gene deletion: full	yes	5866039751bee300e473c5de8fb7c6620eb1d535ee9686e9e1f7b8827375af5b
E7A0A6		PHI-base	v4.19	Sporisorium reilianum	unknown	173	2	0.011561	2019	hypersensitive response assay	Gene deletion: full	yes	2fc4f0bdae832d6a593dc6634fa71ef24e545258a334665d3caa739f61c3ec32
E7A0A7		PHI-base	v4.19	Sporisorium reilianum	unknown	189	1	0.005291	2019	hypersensitive response assay	Gene deletion: full	yes	80f4cc76911b7439e35a39a63c28576cd67995672a29fbb3aee1d2a28928a2eb
E7A0A8		PHI-base	v4.19	Sporisorium reilianum	unknown	170	2	0.011765	2019	hypersensitive response assay	Gene deletion: full	yes	f0777717a690b75ed68789c4476951b0d7f1b1654d145cb7cce5e73df6763b4f
E7A0K4		PHI-base	v4.19	Sporisorium reilianum	unknown	292	6	0.020548	2019	hypersensitive response assay	Gene deletion: full	yes	a537e16ce688018fe4dedde17e6ecd7f4faf10c95c6fa3db33610b250d92af74
E7A0K5		PHI-base	v4.19	Sporisorium reilianum	unknown	773	18	0.023286	2019	hypersensitive response assay	Gene deletion: full	yes	dd09646240006bbed632029341428366c2fa268e13349bf0c63c071162010343
E7A0K6		PHI-base	v4.19	Sporisorium reilianum	unknown	76	0	0.000000	2019	hypersensitive response assay	Gene deletion: full	yes	bc9fb4e7d13bb3085f94512906a9d68a2a5acafcdddd81b3cbb1487864710d24
E7A183		PHI-base	v4.19	Sporisorium reilianum	unknown	152	3	0.019737	2019	hypersensitive response assay	Gene deletion: full	yes	71fc22e611f3ec901697a79c1723d2e23e4ff641f7beabb7c5074eebb9e18acb
E7A184		PHI-base	v4.19	Sporisorium reilianum	unknown	116	1	0.008621	2019	hypersensitive response assay	Gene deletion: full	yes	b1c443e8b8003465d48d1e16b3743624e9b27e517ec84bfe4279a1ca6440c0a1
E7A2P8		PHI-base	v4.19	Sporisorium reilianum	unknown	347	10	0.028818	2018	hypersensitive response assay	Gene deletion: full	yes	299fd17b06a67d67c0c9f1e3c2125385a5d0840ff6183b502dbd21963827e72e
E7A3A9		PHI-base	v4.19	Sporisorium reilianum	unknown	225	10	0.044444	2018	hypersensitive response assay	Gene deletion: full	yes	ab07358a9cefa6cabe4e21a6d4faa169d44b77c3148731d7701b255810b7558d
F2YQ16		PHI-base	v4.19	Phytophthora sojae	hemibiotroph	111	0	0.000000	2022	hypersensitive response assay	Gene deletion: full; altered gene expression / gene regulation: overexpression; other evidence: fungal crossing	yes	2bf4f9f4d4e5aa1d3ef9a117505befc22f31e10ea2587169985b9dcc77ad9d90
F4RBY2	F4RBY2	PEACE curated positives; PHI-base	90b8fc902f0b444e7f21adf75dae41a05931cc5f; v4.19	Melampsora larici-populina (strain 98AG31 / pathotype 3-4-7) (Poplar leaf rust fungus); Melampsora laricis-populina	biotroph	96	6	0.062500	2018	hypersensitive response assay	Other evidence: transgenic plants; PEACE source memberships: FunEffector-Pred;WideEffHunter;fungtion_positive_sequences	yes	7cc2a7699650a9adb05c58b576ff8f8024141c92a47c9588428a736c6b269e13
F6MEZ1		PEACE curated positives; PHI-base	90b8fc902f0b444e7f21adf75dae41a05931cc5f; v4.19	Hyaloperonospora arabidopsidis	unknown	129	0	0.000000	2014	hypersensitive response assay	Functional test in host: transient expression; PEACE source memberships: WideEffHunter	yes	f4092cdcba4215b63f118a32479a44647b61d2b3043df4e84337512a28036fbb
F6MEZ2		PEACE curated positives; PHI-base	90b8fc902f0b444e7f21adf75dae41a05931cc5f; v4.19	Hyaloperonospora arabidopsidis	unknown	134	0	0.000000	2014	hypersensitive response assay	Functional test in host: transient expression; PEACE source memberships: pooe_positive_sequences	yes	1f311c4fb894afdfea3f6cba170dd0520fb05999329ed0457a6bf90df17530ba
F6MEZ4		PEACE curated positives; PHI-base	90b8fc902f0b444e7f21adf75dae41a05931cc5f; v4.19	Hyaloperonospora arabidopsidis	unknown	129	1	0.007752	2014	hypersensitive response assay	Functional test in host: transient expression; PEACE source memberships: WideEffHunter;pooe_positive_sequences	yes	e01f19e1f2661b6020cd2c4d716243694341c76744a66dce06c2829766c31658
F6MEZ6		PEACE curated positives; PHI-base	90b8fc902f0b444e7f21adf75dae41a05931cc5f; v4.19	Hyaloperonospora arabidopsidis	unknown	150	2	0.013333	2014	hypersensitive response assay	Functional test in host: transient expression; PEACE source memberships: WideEffHunter;pooe_positive_sequences	yes	92f6f8d0e027cac3ccd92b8e83cb213e777bced3f0da41b6d9134aa576d1ef02
F6MEZ8		PEACE curated positives; PHI-base	90b8fc902f0b444e7f21adf75dae41a05931cc5f; v4.19	Hyaloperonospora arabidopsidis	unknown	286	1	0.003497	2014	hypersensitive response assay	Functional test in host: transient expression; PEACE source memberships: WideEffHunter	yes	a7de0a7468c8c207f699f805da73828b9726b53fa1dbf2507c7b2b7a72f445df
F6MF00		PEACE curated positives; PHI-base	90b8fc902f0b444e7f21adf75dae41a05931cc5f; v4.19	Hyaloperonospora arabidopsidis	unknown	198	1	0.005051	2014	hypersensitive response assay	Functional test in host: transient expression; PEACE source memberships: WideEffHunter	yes	f32937f75a1eb69c0dbc6b41b835bedd547c14e1c1ca5ba92896a3f36fe284c5
F6MF01		PHI-base	v4.19	Hyaloperonospora arabidopsidis	unknown	135	1	0.007407	2014	hypersensitive response assay	Functional test in host: transient expression	yes	c82019b891121adafd2a9828844911466adc8710b57e186f884cde25d96907d7
F6MF03		PEACE curated positives; PHI-base	90b8fc902f0b444e7f21adf75dae41a05931cc5f; v4.19	Hyaloperonospora arabidopsidis	unknown	299	1	0.003344	2014	hypersensitive response assay	Functional test in host: transient expression; PEACE source memberships: WideEffHunter;pooe_positive_sequences	yes	8c0eabafb69a246bae553281fbb84abb7f9553e036e48ac7d549927a85c1048e
F6MF04		PEACE curated positives; PHI-base	90b8fc902f0b444e7f21adf75dae41a05931cc5f; v4.19	Hyaloperonospora arabidopsidis	unknown	241	2	0.008299	2014	hypersensitive response assay	Functional test in host: transient expression; PEACE source memberships: WideEffHunter;pooe_positive_sequences	yes	2efff36b711a2b0bc7d30764ab1cad629cd4bf72885e28fd22138b200b5237a5
F6MF05		PEACE curated positives; PHI-base	90b8fc902f0b444e7f21adf75dae41a05931cc5f; v4.19	Hyaloperonospora arabidopsidis	unknown	115	1	0.008696	2014	hypersensitive response assay	Functional test in host: transient expression; PEACE source memberships: WideEffHunter;pooe_positive_sequences	yes	41c96dd6e4298ce93ef48a123d1cd2f2283225392731a5bea8aa2e706bad3074
F6MF06		PEACE curated positives; PHI-base	90b8fc902f0b444e7f21adf75dae41a05931cc5f; v4.19	Hyaloperonospora arabidopsidis	unknown	137	0	0.000000	2014	hypersensitive response assay	Functional test in host: transient expression; PEACE source memberships: WideEffHunter;pooe_positive_sequences	yes	702438eb2379b032a90000b77e92b3562b95273d6542786bf0af82b20dd77fd4
F6MF07		PEACE curated positives; PHI-base	90b8fc902f0b444e7f21adf75dae41a05931cc5f; v4.19	Hyaloperonospora arabidopsidis	unknown	304	1	0.003289	2014	hypersensitive response assay	Functional test in host: transient expression; PEACE source memberships: pooe_positive_sequences	yes	3ea7ce699476862b6655354d9f9b19b008e2d4a6e199e72226fad2f3f9ea2e73
F6MF08		PHI-base	v4.19	Hyaloperonospora arabidopsidis	unknown	132	1	0.007576	2014	hypersensitive response assay	Functional test in host: transient expression	yes	d9c2f21c19b48d5ee5e3e28a5e165a5d094bfb0f31c5677c0e5fc9f1f84c39c4
F7J181		PEACE curated positives; Predector confirmed set	3d2a591fadbe7c398c1ac398371b3b2610a60d46; 90b8fc902f0b444e7f21adf75dae41a05931cc5f	Magnaporthe oryzae	hemibiotroph	224	8	0.035714	2011	hypersensitive response assay	PEACE source memberships: Predector_positive_sequences; Predector literature record	yes	01144fba846c5022d0c8c2a8fe95fce8b92cb4665946af49bce2c1eb9cb5dec1
F8UNP0		PEACE curated positives; PHI-base; Predector confirmed set	3d2a591fadbe7c398c1ac398371b3b2610a60d46; 90b8fc902f0b444e7f21adf75dae41a05931cc5f; v4.19	Phytophthora sojae	hemibiotroph	227	1	0.004405	2011	hypersensitive response assay	Other evidence: yeast two-hybrid; PEACE source memberships: EffectorP_3.0_positives;WideEffHunter; Predector literature record	yes	ac6551a3e8775ede89aa3f7eec353190256fe0444652d43ea5309b1fce2a879f
F9GAR0		Predector confirmed set	3d2a591fadbe7c398c1ac398371b3b2610a60d46	Fusarium oxysporum Fo5176	hemibiotroph	170	2	0.011765	2020	validated host-target interaction	Predector literature record	unknown	95b1820b9d2e942925df04491832c059cd53183389dc76f3fd5d8477d6e3e3ac
F9GCQ6		Predector confirmed set	3d2a591fadbe7c398c1ac398371b3b2610a60d46	Fusarium oxysporum Fo5176	hemibiotroph	263	8	0.030418	2020	validated host-target interaction	Predector literature record	unknown	ead9ffce7276beb6140a7c034497698bdf93f4ceb39bf746f9b7fbd88d7f7164
F9GE44		PEACE curated positives; Predector confirmed set	3d2a591fadbe7c398c1ac398371b3b2610a60d46; 90b8fc902f0b444e7f21adf75dae41a05931cc5f	Fusarium oxysporum Fo5176	hemibiotroph	199	6	0.030151	2020	validated host-target interaction	PEACE source memberships: EffectorP_3.0_positives;fungtion_positive_sequences; Predector literature record	no	b9527cc627540aaeb7df18b7a7644d4cf1fa72d7b68e9c3d3eeeac910d560cd6
F9XAU1		PHI-base	v4.19	Zymoseptoria tritici	hemibiotroph	74	8	0.108108	2022	hypersensitive response assay	Gene deletion: full	yes	1632f1b0ae957994606130f70df231feb59a80c7963e9d9e9589b12f19966f9a
F9XBP2		PHI-base	v4.19	Zymoseptoria tritici	hemibiotroph	79	10	0.126582	2022	hypersensitive response assay	Gene deletion: full	yes	3503e32a6f4a9235ec99e4be2feac9b8f0eee28a87254d91dedede208403256a
F9XHX3	F9XHX3	PEACE curated positives; PHI-base	90b8fc902f0b444e7f21adf75dae41a05931cc5f; v4.19	Zymoseptoria tritici; Zymoseptoria tritici (strain CBS 115943 / IPO323) (Speckled leaf blotch fungus) (Septoria tritici)	hemibiotroph	97	4	0.041237	2011	hypersensitive response assay	Gene mutation; PEACE source memberships: EffectorP_3.0_positives;WideEffHunter;fungtion_positive_sequences	yes	a844dd6dc92ca47f2970857b788fd2999d174684ed462f3b2d1f0e228e698f15
F9XKL2		PHI-base	v4.19	Zymoseptoria tritici	hemibiotroph	98	8	0.081633	2022	hypersensitive response assay	Gene deletion: full	yes	c8e251c001bf3b21b1a3528da7c70730715f86a031ff2bd2a7c6f190f40cefba
F9XMT4	F9XMT4	PEACE curated positives; PHI-base	90b8fc902f0b444e7f21adf75dae41a05931cc5f; v4.19	Zymoseptoria tritici; Zymoseptoria tritici (strain CBS 115943 / IPO323) (Speckled leaf blotch fungus) (Septoria tritici)	hemibiotroph	232	9	0.038793	2011	hypersensitive response assay	Gene mutation; PEACE source memberships: EffectorP_2.0_validation;FunEffector-Pred;Predector_positive_sequences;WideEffHunter;fungtion_positive_sequences	yes	971d61bb6f675634bd0dd4189132f33f4f02b0ca054b01c02c34bc9b922e0699
G0X7F2		PHI-base	v4.19	Ustilago maydis	biotroph	124	0	0.000000	2014	knockout virulence phenotype	Gene mutation	unknown	19a6e588aed26d45fafdb33f3e8d4965b51f863c789e90ee4c2c431ca2f65843
G0X7K3		PHI-base	v4.19	Ustilago maydis	biotroph	121	1	0.008264	2014	knockout virulence phenotype	Gene mutation	unknown	245081f3d8db6cc6b4e225cd572a9f3f4d4e94a38bc1b19b9e3edc719cf13258
G0X7L8		PEACE curated positives; PHI-base	90b8fc902f0b444e7f21adf75dae41a05931cc5f; v4.19	Ustilago maydis	biotroph	175	0	0.000000	2006	knockout virulence phenotype	Gene deletion; PEACE source memberships: fungtion_positive_sequences	unknown	c806e0dbdbc27ea26df364c0e3002e23b24ce2f3d2fa073cd8757f34361ec6a5
G0X7M4		PHI-base	v4.19	Ustilago maydis	biotroph	135	0	0.000000	2014	knockout virulence phenotype	Gene mutation	unknown	f2b73af2b0fc43d0f74fea506a4e01e69f64c51cd0593df393d5f12402ee24c2
G0X7N7		PEACE curated positives; PHI-base	90b8fc902f0b444e7f21adf75dae41a05931cc5f; v4.19	Ustilago maydis	biotroph	193	2	0.010363	2006	knockout virulence phenotype	Gene deletion; PEACE source memberships: FunEffector-Pred;WideEffHunter;fungtion_positive_sequences	no	43e8f5ce9d9af7c157d9b7cd30b757ca177d1d41e3a0f5f9c3ec5297ca5b0e8a
G0X7P5		PEACE curated positives; PHI-base	90b8fc902f0b444e7f21adf75dae41a05931cc5f; v4.19	Ustilago maydis	biotroph	214	2	0.009346	2006	knockout virulence phenotype	Gene deletion; PEACE source memberships: FunEffector-Pred;WideEffHunter;fungtion_positive_sequences	no	db88b9f1e8b4d49d784c24bf244e33b7fe172bbe101640a79c70eead54f00dbb
G0X7S0		PEACE curated positives; PHI-base	90b8fc902f0b444e7f21adf75dae41a05931cc5f; v4.19	Ustilago maydis	biotroph	121	3	0.024793	2006	knockout virulence phenotype	Gene deletion; PEACE source memberships: fungtion_positive_sequences	unknown	8bb5226cff58d80949294be6f6331a78947f0dfcd714cddf1e262d88cae87599
G0X7S7		PEACE curated positives; PHI-base	90b8fc902f0b444e7f21adf75dae41a05931cc5f; v4.19	Ustilago maydis	biotroph	121	1	0.008264	2006	knockout virulence phenotype	Gene deletion; PEACE source memberships: fungtion_positive_sequences	unknown	ce07f88a2203cf0b3b1a3bb9e0419b3c0a0dbd6f191cf5ddc79f71130260fc8f
G0X7U0		PHI-base	v4.19	Ustilago maydis	biotroph	117	1	0.008547	2014	knockout virulence phenotype	Gene mutation	unknown	7401e91eb2c7826dfe44a521f476058ce961cea45588c6ec36670fff523b905f
G0X7V8		PHI-base	v4.19	Ustilago maydis	biotroph	135	1	0.007407	2006	knockout virulence phenotype	Gene deletion	unknown	bc62746798537c85064e714d420e39ef19069d938955c686ef445fe32d12d88b
G0X7X3		PHI-base	v4.19	Ustilago maydis	biotroph	117	1	0.008547	2006	knockout virulence phenotype	Gene deletion	unknown	6c61989ffb8732ff6325578cfde906611ddc733485f0d33d1c62e7733b72b7dd
G0X7Y1		PHI-base	v4.19	Ustilago maydis	biotroph	136	2	0.014706	2014	knockout virulence phenotype	Gene mutation	unknown	35439dd9d40108b505cc6862fe7995e75a3a248db8d54d6f20973ad5d0281af1
G0X7Z5		PHI-base	v4.19	Ustilago maydis	biotroph	133	0	0.000000	2006	knockout virulence phenotype	Gene deletion	unknown	e65192f65ade4b39ec70fff4cd616aae23d936a6ea60e047b0964b6756bbdaaa
G0X801		PHI-base	v4.19	Ustilago maydis	biotroph	164	0	0.000000	2006	knockout virulence phenotype	Gene deletion	unknown	2ee9ec7a52a02d091f754fca737a0159b77682aa4617c04a0cc208c6135a5704
G0X809		PHI-base	v4.19	Ustilago maydis	biotroph	196	2	0.010204	2014	knockout virulence phenotype	Gene mutation	unknown	199105813c8b26901435f1d46ccc86dd9a215986fd179649a07e2112064a6c00
G0X828		PHI-base	v4.19	Ustilago maydis	biotroph	128	0	0.000000	2006	knockout virulence phenotype	Gene deletion	unknown	2853197d3418b8b3bfcee38e2c19715e2f6eeaba8b1372d66f690c4b5d0253c5
G0X840		PHI-base	v4.19	Ustilago maydis	biotroph	170	1	0.005882	2006	knockout virulence phenotype	Gene deletion	yes	1ae17b4b02de99d96b4059b6579c6abc0be84e0f282ffb2e9e6699de975452db
G0X849		PHI-base	v4.19	Ustilago maydis	biotroph	144	0	0.000000	2014	knockout virulence phenotype	Gene mutation	unknown	0b451f7341c6688b276bc76b96141674a13d7e34e42674b423c6a6e2cc7d81d9
G0X854		PEACE curated positives; PHI-base	90b8fc902f0b444e7f21adf75dae41a05931cc5f; v4.19	Ustilago maydis	biotroph	157	1	0.006369	2006	knockout virulence phenotype	Gene deletion; PEACE source memberships: FunEffector-Pred;WideEffHunter;fungtion_positive_sequences	no	0b57033f4e2e3df12ad375bde77f0dd40f0c7a62c6830b3358bddd310ec5a8ca
G0X860		PHI-base	v4.19	Ustilago maydis	biotroph	140	0	0.000000	2014	knockout virulence phenotype	Gene mutation	unknown	8d8b84f65c055c6c8bd1530fa7b2fbb559856931f7bf76b4e45e7c8612bc3845
G0X877		PHI-base	v4.19	Ustilago maydis	biotroph	139	0	0.000000	2006	knockout virulence phenotype	Gene deletion	unknown	b245274c15033c92ffb25da6a8e0b4b2fa357f1aad238b89f3ccb866e3e277bb
G0Y276	G2WWV6	PEACE curated positives; Predector confirmed set	3d2a591fadbe7c398c1ac398371b3b2610a60d46; 90b8fc902f0b444e7f21adf75dae41a05931cc5f	Verticillium dahliae; Verticillium dahliae (strain VdLs.17 / ATCC MYA-4575 / FGSC 10137) (Verticillium wilt)	hemibiotroph	155	4	0.025806	2014	validated host-target interaction	PEACE source memberships: EffHunter_positive;EffectorP_2.0;EffectorP_3.0_positives;FunEffector-Pred;Predector_positive_sequences;WideEffHunter;fungtion_positive_sequences; Predector literature record	no	609441ec235ddd2f8887186b11fca092942d45711cb3a41c64ef189d6c8e6ef8
G1FQZ9		PHI-base	v4.19	Phytophthora sojae	hemibiotroph	295	2	0.006780	2022	hypersensitive response assay	Gene deletion: full; altered gene expression / gene regulation: overexpression; other evidence: fungal crossing	yes	e07e61dc0538f5ab0d03d3bf55e369a480871f9e05fc53f53ffffb4aa103ef43
G1K3N3		Predector confirmed set	3d2a591fadbe7c398c1ac398371b3b2610a60d46	Phytophthora capsici	hemibiotroph	108	0	0.000000	unknown	hypersensitive response assay	Predector literature record	yes	f91b9066bbba6e147d543d00c0cf9172a23fdd0a29b2ab977a6d6d603cc11849
G2WSX9	G2WSX9	PHI-base	v4.19	Verticillium dahliae; Verticillium dahliae (strain VdLs.17 / ATCC MYA-4575 / FGSC 10137) (Verticillium wilt)	hemibiotroph	375	16	0.042667	2016	hypersensitive response assay	Gene mutation	yes	193f4b3e3337e2458136cba9a284d60519c7caab50808550750b631f132909fe
G2X444	G2X444	PHI-base	v4.19	Verticillium dahliae; Verticillium dahliae (strain VdLs.17 / ATCC MYA-4575 / FGSC 10137) (Verticillium wilt)	hemibiotroph	690	34	0.049275	2016	hypersensitive response assay	Gene mutation	yes	93f4ec62cefafffff21f31eb51f89ef2cf20f6def4a9763127ff389e994d10ae
G2X4G0	G2X4G0	PHI-base	v4.19	Verticillium dahliae; Verticillium dahliae (strain VdLs.17 / ATCC MYA-4575 / FGSC 10137) (Verticillium wilt)	hemibiotroph	223	0	0.000000	2021	hypersensitive response assay	Gene deletion: full; gene complementation	yes	e2df261758f507fa1c944a28f25d17c9a332a4ed30cace44e123f39f5a3aa36a
G2X4U8	G2X4U8	PEACE curated positives; PHI-base	90b8fc902f0b444e7f21adf75dae41a05931cc5f; v4.19	Verticillium dahliae; Verticillium dahliae (strain VdLs.17 / ATCC MYA-4575 / FGSC 10137) (Verticillium wilt)	hemibiotroph	145	6	0.041379	2016	hypersensitive response assay	Gene mutation; PEACE source memberships: FunEffector-Pred;WideEffHunter;fungtion_positive_sequences	yes	c20294b1fd36c6d904c8675cef83ec9b172530d9fd15e700894a95bfa3f393e5
G2X9W2	G2X9W2	PEACE curated positives; PHI-base	90b8fc902f0b444e7f21adf75dae41a05931cc5f; v4.19	Verticillium dahliae; Verticillium dahliae (strain VdLs.17 / ATCC MYA-4575 / FGSC 10137) (Verticillium wilt)	hemibiotroph	216	4	0.018519	2017	hypersensitive response assay	Gene deletion: full; gene complementation; PEACE source memberships: EffHunter_positive;EffectorP_2.0;EffectorP_3.0_positives;FunEffector-Pred;Predector_positive_sequences;WideEffHunter;fungtion_positive_sequences	yes	7e118c0c5f2a16c7e0b9f04d08b4a6d02b191917ce844438a799d65e7f40e7a1
G2XA95	G2XA95	PEACE curated positives; PHI-base	90b8fc902f0b444e7f21adf75dae41a05931cc5f; v4.19	Verticillium dahliae; Verticillium dahliae (strain VdLs.17 / ATCC MYA-4575 / FGSC 10137) (Verticillium wilt)	hemibiotroph	513	24	0.046784	2016	hypersensitive response assay	Gene mutation; PEACE source memberships: FunEffector-Pred;WideEffHunter;fungtion_positive_sequences	yes	08a42a5b479f6d240231d073b7861ce6a9db1f051aec00bae738f4a369cc3905
G2XDH0	G2XDH0	PEACE curated positives; Predector confirmed set	3d2a591fadbe7c398c1ac398371b3b2610a60d46; 90b8fc902f0b444e7f21adf75dae41a05931cc5f	Verticillium dahliae; Verticillium dahliae (strain VdLs.17 / ATCC MYA-4575 / FGSC 10137) (Verticillium wilt)	hemibiotroph	336	8	0.023810	2018	validated host-target interaction	PEACE source memberships: EffectorP_3.0_positives;fungtion_positive_sequences; Predector literature record	no	07106b91b6257ea2d0bee373e9e4e21c10d8f3899a06f4bafb9904dbae75fe48
G2XWG3		PHI-base	v4.19	Botrytis cinerea	necrotroph	852	7	0.008216	2017	knockout virulence phenotype	Gene mutation	unknown	1b959bc1cdfc099621bd8d8e3821d2cc1853bde3cfdd4e897e2aa099c2304b6e
G3C9L0		PEACE curated positives; PHI-base	90b8fc902f0b444e7f21adf75dae41a05931cc5f; v4.19	Hyaloperonospora arabidopsidis	unknown	182	1	0.005495	2012	hypersensitive response assay	Functional test in host: transient expression; PEACE source memberships: WideEffHunter	yes	b599fecaef415c9d02f238f11ad6a8ddf74219286e6bf7a558ee6613707b451a
G3C9L1		PEACE curated positives; PHI-base	90b8fc902f0b444e7f21adf75dae41a05931cc5f; v4.19	Hyaloperonospora arabidopsidis	unknown	375	0	0.000000	2012	hypersensitive response assay	Functional test in host: transient expression; PEACE source memberships: WideEffHunter	yes	450748c69c03b2189d331fc7789b0f214653fe3f9c1dcd5ed1b73e031a4937ca
G3C9N5		PEACE curated positives; PHI-base	90b8fc902f0b444e7f21adf75dae41a05931cc5f; v4.19	Hyaloperonospora arabidopsidis	unknown	281	0	0.000000	2012	hypersensitive response assay	Functional test in host: transient expression; PEACE source memberships: WideEffHunter	yes	b538dae969f71de790434d335a6eaf562bbcc539abaa85770bfdb15d33c23b82
G3C9N6		PEACE curated positives; PHI-base	90b8fc902f0b444e7f21adf75dae41a05931cc5f; v4.19	Hyaloperonospora arabidopsidis	unknown	122	1	0.008197	2012	hypersensitive response assay	Functional test in host: transient expression; PEACE source memberships: WideEffHunter	yes	5b9b96d1ee368ded7b047f97c3e41f975b193811503b2feba4d38256d076894e
G3C9N7		PEACE curated positives; PHI-base	90b8fc902f0b444e7f21adf75dae41a05931cc5f; v4.19	Hyaloperonospora arabidopsidis	unknown	393	3	0.007634	2020	hypersensitive response assay	Functional test in host: transient expression; PEACE source memberships: pooe_positive_sequences	yes	4eb1c143a4ac79035867107ae505c9c2383c16e419a8a9faa51265c1dd2ebd90
G3C9N8		PEACE curated positives; PHI-base	90b8fc902f0b444e7f21adf75dae41a05931cc5f; v4.19	Hyaloperonospora arabidopsidis	unknown	357	0	0.000000	2013	hypersensitive response assay	Functional test in host; PEACE source memberships: WideEffHunter	yes	28949ee4e4a1f4083ade973eaa623577969de2bc95ba2c32a98bf5d29214ce2c
G3C9N9		PEACE curated positives; PHI-base	90b8fc902f0b444e7f21adf75dae41a05931cc5f; v4.19	Hyaloperonospora arabidopsidis	unknown	118	1	0.008475	2017	hypersensitive response assay	Functional test in host: direct injection; PEACE source memberships: pooe_positive_sequences	yes	70f77e462fa0284f007bb2e2bb96ca47cca22ec1982f732e6f6456ea61e944a1
G3C9P0		PEACE curated positives; PHI-base	90b8fc902f0b444e7f21adf75dae41a05931cc5f; v4.19	Hyaloperonospora arabidopsidis	unknown	125	3	0.024000	2012	hypersensitive response assay	Functional test in host: transient expression; PEACE source memberships: WideEffHunter	yes	c124a5678c9590f06eb2f05babda5e30dbe26b751f5f054ddc6342cdda767f14
G3C9P1		PEACE curated positives; PHI-base	90b8fc902f0b444e7f21adf75dae41a05931cc5f; v4.19	Hyaloperonospora arabidopsidis	unknown	114	0	0.000000	2013	hypersensitive response assay	Functional test in host: stable expression of 35s:harxl44 in arabidopsis; PEACE source memberships: WideEffHunter;pooe_positive_sequences	yes	90ce92391a946f73cdcc2a7685d9ec1650619073cc017976836b74382e676b59
G3C9P6		PEACE curated positives; PHI-base	90b8fc902f0b444e7f21adf75dae41a05931cc5f; v4.19	Hyaloperonospora arabidopsidis	unknown	172	0	0.000000	2011	hypersensitive response assay	Functional test in host: transient expression; PEACE source memberships: WideEffHunter	yes	642d85ac413d38f6a8be05c86e21c80734d1705e691a0a59a2db5b505cba650d
G3C9P9		PEACE curated positives; PHI-base	90b8fc902f0b444e7f21adf75dae41a05931cc5f; v4.19	Hyaloperonospora arabidopsidis	unknown	110	0	0.000000	2014	hypersensitive response assay	Functional test in host; PEACE source memberships: WideEffHunter	yes	6e039df28313c59e8b94dcd535ca8ccf37050dd7ff15063f7190eef156c2e9be
G3C9Q4		PEACE curated positives; PHI-base	90b8fc902f0b444e7f21adf75dae41a05931cc5f; v4.19	Hyaloperonospora arabidopsidis	unknown	58	2	0.034483	2012	hypersensitive response assay	Functional test in host: transient expression; PEACE source memberships: WideEffHunter	yes	3f94e249d63c5c62ef7be9f1bc25b94287ee3c2916a9550b95f36609c0af1b5a
G3C9Q5		PEACE curated positives; PHI-base	90b8fc902f0b444e7f21adf75dae41a05931cc5f; v4.19	Hyaloperonospora arabidopsidis	unknown	235	0	0.000000	2012	hypersensitive response assay	Functional test in host: transient expression; PEACE source memberships: WideEffHunter	yes	59e36671467c7b1225e960839fd6d98c36fe050dedae8ac541ec14e1fde343cc
G3C9Q7		PEACE curated positives; PHI-base	90b8fc902f0b444e7f21adf75dae41a05931cc5f; v4.19	Hyaloperonospora arabidopsidis	unknown	416	0	0.000000	2012	hypersensitive response assay	Functional test in host: transient expression; PEACE source memberships: WideEffHunter	yes	4fdc77a9fa1058df5365eb2eafb74b7a4cb319c139fc16c572464c4235d7bf1c
G3C9Q9		PHI-base	v4.19	Hyaloperonospora arabidopsidis	unknown	65	1	0.015385	2013	hypersensitive response assay	Functional test in host	yes	2461d34f5d7aa926127387fdd1512a850d0a04062462716b8b92ac90a4c0a24a
G3C9R3		PEACE curated positives; PHI-base	90b8fc902f0b444e7f21adf75dae41a05931cc5f; v4.19	Hyaloperonospora arabidopsidis	unknown	137	0	0.000000	2013	hypersensitive response assay	Functional test in host; PEACE source memberships: WideEffHunter	yes	b0113b68bbb4050ee86f4b8a85713409fbdd500de54c2cfb205623067b83aa82
G3C9R4		PEACE curated positives; PHI-base	90b8fc902f0b444e7f21adf75dae41a05931cc5f; v4.19	Hyaloperonospora arabidopsidis	unknown	261	0	0.000000	2012	hypersensitive response assay	Functional test in host: transient expression; PEACE source memberships: WideEffHunter	yes	5fe6eca45345792b25376f4de64962174065b17675f7a4f7482e4af0e7b8d273
G3C9S3		PEACE curated positives; PHI-base	90b8fc902f0b444e7f21adf75dae41a05931cc5f; v4.19	Hyaloperonospora arabidopsidis	unknown	187	1	0.005348	2012	hypersensitive response assay	Functional test in host: transient expression; PEACE source memberships: WideEffHunter	yes	543f5bec5bb01c55df5814ee078fab0e4b39e7b55dfbecaab1c771e9361ef8b1
G3C9S7		PEACE curated positives; PHI-base	90b8fc902f0b444e7f21adf75dae41a05931cc5f; v4.19	Hyaloperonospora arabidopsidis	unknown	93	0	0.000000	2012	hypersensitive response assay	Functional test in host: transient expression; PEACE source memberships: WideEffHunter	yes	bcc4203d8d1bdefbc2e078538074f0f62332904d76a6e55f0378a83a1ab6378b
G3C9T3		PEACE curated positives; PHI-base	90b8fc902f0b444e7f21adf75dae41a05931cc5f; v4.19	Hyaloperonospora arabidopsidis	unknown	304	5	0.016447	2013	hypersensitive response assay	Functional test in host; PEACE source memberships: WideEffHunter	yes	27656be2b9907dba19840f6a7f0ab43932cf30c64aba38ee29f02f2dc4f676be
G3C9T8		PEACE curated positives; PHI-base	90b8fc902f0b444e7f21adf75dae41a05931cc5f; v4.19	Hyaloperonospora arabidopsidis	unknown	172	1	0.005814	2013	hypersensitive response assay	Functional test in host; PEACE source memberships: WideEffHunter	yes	86a6f7f7dd5e69739a105f10dfeaa7d11ff37ad7937c7da679cc1203c54c37be
G3C9U1		PEACE curated positives; PHI-base	90b8fc902f0b444e7f21adf75dae41a05931cc5f; v4.19	Hyaloperonospora arabidopsidis	unknown	178	1	0.005618	2012	hypersensitive response assay	Functional test in host: transient expression; PEACE source memberships: WideEffHunter	yes	170f3ed9d062c9684b57ded8205950b19ed2de9e9db9fe75f9ca33dd094b154e
G3CK59		PHI-base	v4.19	Ustilago maydis	biotroph	129	0	0.000000	2006	knockout virulence phenotype	Gene deletion	unknown	2b42aac312c6243b05f90bfc877abaa56db9896c503e1f544fb3d4f262a74381
G3CK64		PHI-base	v4.19	Ustilago maydis	biotroph	170	1	0.005882	2006	knockout virulence phenotype	Gene deletion	unknown	2affe6842d9f7f1500ccdced5f5f8b76ef414e383a28b4a45d1f252d55cea496
G4MKI0		PEACE curated positives; PHI-base	90b8fc902f0b444e7f21adf75dae41a05931cc5f; v4.19	Magnaporthe oryzae	hemibiotroph	137	4	0.029197	2009	hypersensitive response assay	Functional test in host: transient expression; PEACE source memberships: EffHunter_positive;EffectorP_2.0;EffectorP_3.0_positives;FunEffector-Pred;Predector_positive_sequences;WideEffHunter	yes	f3d4779f229067320888559ae437d8ebab19bfd4e5b19e873431abe57c64d951
G4MRT1	G4MRT1	PHI-base	v4.19	Magnaporthe oryzae; Pyricularia oryzae (strain 70-15 / ATCC MYA-4617 / FGSC 8958) (Rice blast fungus) (Magnaporthe oryzae)	hemibiotroph	126	2	0.015873	2023	hypersensitive response assay	Gene deletion: full; gene complementation	yes	c0c41ccb48b265a080366bed4e5d21bf8a95210656454c0ce44fd263cd1db1f4
G4MVX4		PEACE curated positives; PHI-base	90b8fc902f0b444e7f21adf75dae41a05931cc5f; v4.19	Magnaporthe oryzae	hemibiotroph	295	8	0.027119	2013	hypersensitive response assay	Functional test in host: transient expression; PEACE source memberships: EffHunter_positive;EffectorP_2.0;EffectorP_3.0_positives;FunEffector-Pred;Predector_positive_sequences;WideEffHunter;fungtion_positive_sequences	yes	5d6212be6d1a51ba76c9dbe625eaae991e7885dee928ea5ed7ac11df7a15c406
G4MX34		PEACE curated positives; PHI-base	90b8fc902f0b444e7f21adf75dae41a05931cc5f; v4.19	Magnaporthe oryzae	hemibiotroph	113	8	0.070796	2013	hypersensitive response assay	Functional test in host: transient expression; PEACE source memberships: EffHunter_positive;EffectorP_2.0;EffectorP_3.0_positives;FunEffector-Pred;Predector_positive_sequences;WideEffHunter;fungtion_positive_sequences	yes	fda81bf1e5ab5d58f22b99ebdc21cdddc3ca9d1a1576d3e3b7e0272ba803cd6f
G4MX55		PHI-base	v4.19	Magnaporthe oryzae	hemibiotroph	432	5	0.011574	2014	hypersensitive response assay; knockout virulence phenotype	Gene deletion: full ; gene complementation; Gene deletion: full; gene complementation	yes	d265526b8f2632cb8f211a1a801b888454cdeb1e8199db07fd141a1e615d7085
G4MXW3		Predector confirmed set	3d2a591fadbe7c398c1ac398371b3b2610a60d46	Magnaporthe oryzae	hemibiotroph	113	3	0.026549	2021	hypersensitive response assay	Predector literature record	yes	5eaf87bf1b0f0631d7c33f5bc1458bdc6329c01b21e32ec0e2d75aea5c05cfab
G4MY32		PHI-base	v4.19	Magnaporthe oryzae	hemibiotroph	105	4	0.038095	2023	hypersensitive response assay	Gene deletion: full	yes	9465c8cc90269aabd21fb92f756e9ca603e48845fa9ff85da02a84c615f4f3f5
G4MY99		PHI-base	v4.19	Magnaporthe oryzae	hemibiotroph	100	4	0.040000	2023	hypersensitive response assay	Gene deletion: full	yes	28357ce2da9e1c2be4c563f12e4918cff4af05f6566f36b27be1ca52d59b0e53
G4N375		PHI-base	v4.19	Magnaporthe oryzae	hemibiotroph	267	4	0.014981	2023	hypersensitive response assay	Gene deletion: full	yes	18000ef898592b3d6fe7298216ac78112560e74b2b1376d858e7c0280d32dfe5
G4N5C1		PHI-base	v4.19	Magnaporthe oryzae	hemibiotroph	244	10	0.040984	2023	hypersensitive response assay	Gene deletion: full	yes	80329fe044df4af46d941fcc52b752aa50a8464fac1f7f1e0f3f057d05066a95
G4N6S9		PHI-base	v4.19	Magnaporthe oryzae	hemibiotroph	125	6	0.048000	2023	hypersensitive response assay	Gene deletion: full	yes	1f1447b0271d03616302fb6badb9217e1feb33d6d4ab8f0226c5e287ee142256
G4N8Y3		PEACE curated positives; PHI-base	90b8fc902f0b444e7f21adf75dae41a05931cc5f; v4.19	Magnaporthe oryzae	hemibiotroph	355	6	0.016901	2013	hypersensitive response assay	Functional test in host: transient expression; PEACE source memberships: EffHunter_positive;EffectorP_2.0;EffectorP_3.0_positives;FunEffector-Pred;Predector_positive_sequences;WideEffHunter;fungtion_positive_sequences	yes	ad2e7ed836c1ace6dee3fddd0902a3543bee3b5d093001e01c80e2e48b31fb7c
G4N906	G4N906	PEACE curated positives; PHI-base	90b8fc902f0b444e7f21adf75dae41a05931cc5f; v4.19	Magnaporthe oryzae; Pyricularia oryzae (strain 70-15 / ATCC MYA-4617 / FGSC 8958) (Rice blast fungus) (Magnaporthe oryzae)	hemibiotroph	162	6	0.037037	2012	hypersensitive response assay	Gene deletion: full; gene complementation; PEACE source memberships: EffectorP_3.0_positives	yes	5649215c03027622b9232aa31cec517d9d4833e07411fd24b4a496d5e4f2428c
G4NH41		PHI-base	v4.19	Magnaporthe oryzae	hemibiotroph	198	3	0.015152	2022	hypersensitive response assay	Gene deletion: full; gene complementation	yes	a2c9fffeeab9cb3cde3a400ac34749ec0ecaac1ea9d5bec28873724cf87b61d8
G4YIB3		PHI-base	v4.19	Phytophthora sojae	hemibiotroph	1715	37	0.021574	2022	hypersensitive response assay	Altered gene expression / gene regulation: silencing	yes	596d776fa3a1609273b7d5d55fcd84ecd9b99ce6ae33f3425277fa2313dd4a0f
G4ZHR2	G4ZHR2	PEACE curated positives; PHI-base	90b8fc902f0b444e7f21adf75dae41a05931cc5f; v4.19	Phytophthora sojae; Phytophthora sojae (strain P6497) (Soybean stem and root rot agent) (Phytophthora megasperma f. sp. glycines)	hemibiotroph	241	2	0.008299	2017	hypersensitive response assay	Gene mutation; PEACE source memberships: EffectorP_3.0_positives;WideEffHunter;pooe_positive_sequences	yes	9d3125ff3415fcf5d549ad10e951e0f113db0687b299e547816148f2bfbd12a1
G4ZLE6	G4ZLE6	PEACE curated positives; PHI-base; Predector confirmed set	3d2a591fadbe7c398c1ac398371b3b2610a60d46; 90b8fc902f0b444e7f21adf75dae41a05931cc5f; v4.19	Phytophthora sojae; Phytophthora sojae (strain P6497) (Soybean stem and root rot agent) (Phytophthora megasperma f. sp. glycines)	hemibiotroph	125	0	0.000000	2013	hypersensitive response assay	Functional test in host; PEACE source memberships: EffectorP_3.0_positives;WideEffHunter; Predector literature record	yes	a8a3bc008ed39ba7d257f4cf71c1a9cf6d5ac2f06038d4e52e432a054bca3acb
G4ZRQ8		PEACE curated positives; PHI-base; Predector confirmed set	3d2a591fadbe7c398c1ac398371b3b2610a60d46; 90b8fc902f0b444e7f21adf75dae41a05931cc5f; v4.19	Phytophthora sojae	hemibiotroph	138	1	0.007246	2004	hypersensitive response assay	Altered gene expression / gene regulation: silencing; Functional test in host: direct injection; PEACE source memberships: EffectorP_3.0_positives;WideEffHunter; Predector literature record	yes	648ba40fe6cae87b36fe6702fa6ab74bace3867701bd9b3c6e7bed742dc32cda
G4ZSG0	G4ZSG0	PEACE curated positives; PHI-base	90b8fc902f0b444e7f21adf75dae41a05931cc5f; v4.19	Phytophthora sojae; Phytophthora sojae (strain P6497) (Soybean stem and root rot agent) (Phytophthora megasperma f. sp. glycines)	hemibiotroph	122	0	0.000000	2018	hypersensitive response assay	Gene deletion: full; PEACE source memberships: pooe_positive_sequences	yes	0230a3f6f69a50bca23455fd67f4e3e24a247deedb5b0a41fd92eef259f16a2c
G5A0G9		PHI-base	v4.19	Phytophthora sojae	hemibiotroph	241	2	0.008299	2015	hypersensitive response assay	Altered gene expression / gene regulation: overexpression	yes	8251a76869cdcfa6017f497ef6e6b8914f68f8ce928c7aa8f5fec73214a63ea5
G5ADB3	G5ADB3	PEACE curated positives; PHI-base	90b8fc902f0b444e7f21adf75dae41a05931cc5f; v4.19	Phytophthora sojae; Phytophthora sojae (strain P6497) (Soybean stem and root rot agent) (Phytophthora megasperma f. sp. glycines)	hemibiotroph	670	1	0.001493	2014	hypersensitive response assay	Functional test in host: transient expression; PEACE source memberships: EffectorP_3.0_positives;WideEffHunter	yes	ee45ca7682f37e779fbcfb50e87c686781c90d27edcebda92d1142d3f6dfb049
G5EHQ6	G5EHQ6	PEACE curated positives; Predector confirmed set	3d2a591fadbe7c398c1ac398371b3b2610a60d46; 90b8fc902f0b444e7f21adf75dae41a05931cc5f	Magnaporthe oryzae; Pyricularia oryzae (strain 70-15 / ATCC MYA-4617 / FGSC 8958) (Rice blast fungus) (Magnaporthe oryzae)	hemibiotroph	110	2	0.018182	1962	validated host-target interaction	PEACE source memberships: EffectorP_3.0_positives;fungtion_positive_sequences; Predector literature record	no	1d5bb960a0f1718d40be1058287795b74ab1028138f2626badc59352ae308e5b
G5EI17	G5EI17	PEACE curated positives; PHI-base	90b8fc902f0b444e7f21adf75dae41a05931cc5f; v4.19	Magnaporthe oryzae; Pyricularia oryzae (strain 70-15 / ATCC MYA-4617 / FGSC 8958) (Rice blast fungus) (Magnaporthe oryzae)	hemibiotroph	54	3	0.055556	2012	hypersensitive response assay	Gene mutation: characterised; PEACE source memberships: EffHunter_positive;EffectorP_1.0;EffectorP_2.0;EffectorP_3.0_positives;FunEffector-Pred;Predector_positive_sequences;WideEffHunter;fungtion_positive_sequences	yes	ddc791726ea537fc752cd3c857e9adbabe5bb0bbacdda11a1c03f72811e2b5bb
G5EI71	G5EI71	PEACE curated positives; PHI-base	90b8fc902f0b444e7f21adf75dae41a05931cc5f; v4.19	Magnaporthe oryzae; Pyricularia oryzae (strain 70-15 / ATCC MYA-4617 / FGSC 8958) (Rice blast fungus) (Magnaporthe oryzae)	hemibiotroph	145	2	0.013793	1995	hypersensitive response assay	Gene complementation; Gene deletion: full ; gene complementation; PEACE source memberships: EffectorP_3.0_positives	yes	fc80953f60189a3acadfa75b5db7f2fc94e0ba5af5062c42e76df5744e4f8c9d
G9BER8		Predector confirmed set	3d2a591fadbe7c398c1ac398371b3b2610a60d46	Blumeria graminis f. sp. hordei	biotroph	147	10	0.068027	2013	knockout virulence phenotype	Predector/PHI-base phenotype record	unknown	f37faf23fa090bfd34d6e917a9491547b8fb46f9b4942716d3d8f0e4dca56488
G9BES0		PEACE curated positives; Predector confirmed set	3d2a591fadbe7c398c1ac398371b3b2610a60d46; 90b8fc902f0b444e7f21adf75dae41a05931cc5f	Blumeria graminis f. sp. hordei	biotroph	235	8	0.034043	2013	validated host-target interaction	PEACE source memberships: EffectorP_3.0_positives;Predector_positive_sequences;WideEffHunter;fungtion_positive_sequences; Predector literature record	no	630a0ea86f7502a235b4d0aafffcd59b29834eaa2ba7d93c13a8aae941b806f9
G9BES2		PEACE curated positives; Predector confirmed set	3d2a591fadbe7c398c1ac398371b3b2610a60d46; 90b8fc902f0b444e7f21adf75dae41a05931cc5f	Golovinomyces orontii	unknown	153	11	0.071895	2013	knockout virulence phenotype	PEACE source memberships: Predector_positive_sequences;WideEffHunter; Predector/PHI-base phenotype record	no	af56bd25fd87724eadf3b1323a51d0ef1e6d7831ed8b7d1c8bd9224b5480b314
H1UVH3	H1UVH3	PHI-base	v4.19	Colletotrichum higginsianum; Colletotrichum higginsianum (strain IMI 349063) (Crucifer anthracnose fungus)	hemibiotroph	176	7	0.039773	2016	hypersensitive response assay	Altered gene expression / gene regulation: silencing	yes	847a3f5c0408edbeb7d6ee145b3b8de58da22038592bb76e7d6d45a2243e77d5
H1VSQ9	H1VSQ9	PHI-base	v4.19	Colletotrichum higginsianum; Colletotrichum higginsianum (strain IMI 349063) (Crucifer anthracnose fungus)	hemibiotroph	170	6	0.035294	2016	hypersensitive response assay	Altered gene expression / gene regulation: silencing	yes	c2408da10d2d1449125be331a6c5eb5f571b78b3b5d977245a0e083171ea33ef
H7CE70	H7CE70	PHI-base	v4.19	Colletotrichum orbiculare; Colletotrichum orbiculare (strain 104-T / ATCC 96160 / CBS 514.97 / LARS 414 / MAFF 240422) (Cucumber anthracnose fungus) (Colletotrichum lagenarium)	hemibiotroph	54	3	0.055556	2012	hypersensitive response assay	Gene mutation: characterised	yes	07335a91c3beb522af5412f35c02b47fde9633f807d804e235ff455ca401d289
H9BPR8	H9BPR8	PEACE curated positives; PHI-base	90b8fc902f0b444e7f21adf75dae41a05931cc5f; v4.19	Hyaloperonospora arabidopsidis; Hyaloperonospora arabidopsidis (strain Emoy2) (Downy mildew agent) (Peronospora arabidopsidis)	unknown	185	1	0.005405	2012	hypersensitive response assay	Gene mutation; PEACE source memberships: EffectorP_3.0_positives;WideEffHunter	yes	0f9ba7bd5f8333868947301931ccb1a110dfcc35fb463eafc0a2ae1a8d4ec43b
H9DUR1		PEACE curated positives; PHI-base; Predector confirmed set	3d2a591fadbe7c398c1ac398371b3b2610a60d46; 90b8fc902f0b444e7f21adf75dae41a05931cc5f; v4.19	Verticillium dahliae	hemibiotroph	134	4	0.029851	1962	hypersensitive response assay	Gene deletion: full; gene complementation; PEACE source memberships: EffHunter_positive;EffectorP_1.0;EffectorP_2.0;EffectorP_3.0_positives;FunEffector-Pred;Predector_positive_sequences;WideEffHunter;fungtion_positive_sequences; Predector literature record	yes	d1a89254b0a51897115b64057c6f12b3ca4597c9df32e3d556c8a903d2293e8d
I1RLN6		PHI-base	v4.19	Fusarium graminearum	hemibiotroph	257	2	0.007782	2025	hypersensitive response assay	Gene deletion: full ; gene complementation	yes	1a3b1a09a9601c3edb3c3e73efcdc476f3c36ddca164d78681acabecf0b385fa
I1S303		PHI-base	v4.19	Fusarium graminearum	hemibiotroph	252	6	0.023810	2025	hypersensitive response assay	Gene deletion: full ; gene complementation	yes	f0ee207d2975470c5a2d24025a700e28e47bd4b93c33310d84192381ee3b764a
I1VGT7		PEACE curated positives; PHI-base	90b8fc902f0b444e7f21adf75dae41a05931cc5f; v4.19	Rhynchosporium commune	unknown	109	7	0.064220	2012	hypersensitive response assay	Gene disruption; PEACE source memberships: EffHunter_positive;EffectorP_1.0;EffectorP_2.0;EffectorP_3.0_positives;FunEffector-Pred;Predector_positive_sequences;WideEffHunter;fungtion_positive_sequences	yes	1d5969c0f083aea9d1467e04b21f752782a62b043a0de0749137bbc8a0f2edc1
I1VGT8		PEACE curated positives; PHI-base	90b8fc902f0b444e7f21adf75dae41a05931cc5f; v4.19	Rhynchosporium commune	unknown	115	9	0.078261	2012	hypersensitive response assay	Gene disruption; PEACE source memberships: EffHunter_positive;EffectorP_1.0;EffectorP_2.0;EffectorP_3.0_positives;FunEffector-Pred;Predector_positive_sequences;WideEffHunter;fungtion_positive_sequences	yes	9f823757ebeca55eca4570bad61bc20488ac293b98acf0ae2068296304b78b50
I2FS85		PEACE curated positives; Predector confirmed set	3d2a591fadbe7c398c1ac398371b3b2610a60d46; 90b8fc902f0b444e7f21adf75dae41a05931cc5f	Ustilago hordei	biotroph	190	1	0.005263	2012	hypersensitive response assay	PEACE source memberships: EffHunter_positive;EffectorP_1.0;EffectorP_2.0;EffectorP_3.0_positives;FunEffector-Pred;Predector_positive_sequences;WideEffHunter;fungtion_positive_sequences; Predector literature record	yes	c85fd0a919a34d3d1191b4c61b617e4bc963ec841406b0783be6e1766f5ad4a7
J4URT3	J4URT3	PHI-base	v4.19	Beauveria bassiana; Beauveria bassiana (strain ARSEF 2860) (White muscardine disease fungus) (Tritirachium shiotae)	unknown	409	21	0.051345	2017	hypersensitive response assay	Gene deletion: full; heterologous complementation	yes	b9e9c467161609c9d94f2469e5d40adf1708d186014acbf133877013e72e9801
J5J7Y8	J5J7Y8	PEACE curated positives; PHI-base	90b8fc902f0b444e7f21adf75dae41a05931cc5f; v4.19	Beauveria bassiana; Beauveria bassiana (strain ARSEF 2860) (White muscardine disease fungus) (Tritirachium shiotae)	unknown	169	10	0.059172	2017	hypersensitive response assay	Gene deletion: full; heterologous complementation; PEACE source memberships: FunEffector-Pred;WideEffHunter;fungtion_positive_sequences	yes	d64f643970d339e0d149cf32467f4d438d47bab6f42537258def905c4f090247
J9VQE5	J9VQE5	PHI-base	v4.19	Cryptococcus neoformans; Cryptococcus neoformans (strain H99 / ATCC 208821 / CBS 10515 / FGSC 9487) (Cryptococcus neoformans var. grubii serotype A)	unknown	199	10	0.050251	2022	knockout virulence phenotype	Gene deletion: full; gene complementation	unknown	9c606b62522f514d95b6b00f4e4d601cf5100e6fb8a9bb4b310bec7b2dd6f2f4
KIS66302		PEACE curated positives; Predector confirmed set	3d2a591fadbe7c398c1ac398371b3b2610a60d46; 90b8fc902f0b444e7f21adf75dae41a05931cc5f	Ustilago maydis	biotroph	207	2	0.009662	2014	validated host-target interaction	PEACE source memberships: EffHunter_positive;EffectorP_1.0;EffectorP_2.0;EffectorP_3.0_positives;Predector_positive_sequences;WideEffHunter;fungtion_positive_sequences; Predector literature record	no	5b41de6e07a88e0e7e7638098b5398bda8ca8da953def6f7e80c378811db04f9
L7NCR0	L7NCR0	PEACE curated positives; PHI-base	90b8fc902f0b444e7f21adf75dae41a05931cc5f; v4.19	Phytophthora capsici	hemibiotroph	234	4	0.017094	2018	hypersensitive response assay	Functional test in host: transient expression; PEACE source memberships: EffHunter_positive;WideEffHunter	yes	be4db70917d25dd3178ed3a1966438259ca092a0d87f18a2514dacc121648dcc
L7NCS1	L7NCS1	PHI-base	v4.19	Phytophthora capsici	hemibiotroph	234	2	0.008547	2018	hypersensitive response assay	Functional test in host: transient expression	yes	aa07c4878aea974c09d48a7932a309dc3b6c06b9658c4debce042428fe835f9b
L8WVP3		PHI-base	v4.19	Rhizoctonia solani	unknown	302	6	0.019868	2019	hypersensitive response assay	Functional test in host: transient expression	yes	d5c6ac38ffc4e4e3db3543172c0a87b37ce53e900bacc160a70496e44eabf92a
M1GM60		PEACE curated positives; PHI-base	90b8fc902f0b444e7f21adf75dae41a05931cc5f; v4.19	Parastagonospora nodorum	necrotroph	222	6	0.027027	2016	hypersensitive response assay	Functional test in host: transient expression; PEACE source memberships: FunEffector-Pred	yes	1e932f816b009be11d67a647d034775ea3e1f76f332b3559d51624272d4d458f
M4BIN0		PEACE curated positives; PHI-base	90b8fc902f0b444e7f21adf75dae41a05931cc5f; v4.19	Hyaloperonospora arabidopsidis	unknown	127	12	0.094488	2020	hypersensitive response assay	Other evidence: transgenic plants; PEACE source memberships: EffectorP_3.0_positives	yes	c469da9e4d14595d0054953992b79319c06aee78e53fada2f788dd51f115c2ca
N1J7E2		PEACE curated positives; PHI-base	90b8fc902f0b444e7f21adf75dae41a05931cc5f; v4.19	Blumeria graminis	biotroph	115	3	0.026087	2016	hypersensitive response assay	Altered gene expression / gene regulation: silencing; PEACE source memberships: EffectorP_3.0_positives;FunEffector-Pred;WideEffHunter;fungtion_positive_sequences	yes	28d41958a64c1c2d4bdeda0068b55b9dfcba37eb467f20bf98e8ee1834b7c0f6
N1J904		PEACE curated positives; PHI-base; Predector confirmed set	3d2a591fadbe7c398c1ac398371b3b2610a60d46; 90b8fc902f0b444e7f21adf75dae41a05931cc5f; v4.19	Blumeria graminis; Blumeria graminis f. sp. hordei	biotroph	128	6	0.046875	2015	knockout virulence phenotype; validated host-target interaction	Altered gene expression / gene regulation: silencing; PEACE source memberships: EffHunter_positive;EffectorP_2.0_validation;EffectorP_3.0_positives;FunEffector-Pred;Predector_positive_sequences;WideEffHunter;fungtion_positive_sequences; Predector literature record	no	6f2a1e579365e783c7a0fc879a98a338a3b06f7c61dc0186dcaee50d81624bd6
N1JFE2		PEACE curated positives; PHI-base	90b8fc902f0b444e7f21adf75dae41a05931cc5f; v4.19	Blumeria graminis	biotroph	161	3	0.018634	2013	knockout virulence phenotype	Altered gene expression / gene regulation: silencing; PEACE source memberships: FunEffector-Pred;WideEffHunter;fungtion_positive_sequences	no	136ea8dceaef8e315554517acf406f61d728090fa81825825c203fefbd8d5b74
N1JFM8		PEACE curated positives; Predector confirmed set	3d2a591fadbe7c398c1ac398371b3b2610a60d46; 90b8fc902f0b444e7f21adf75dae41a05931cc5f	Blumeria graminis	biotroph	122	1	0.008197	2016	hypersensitive response assay	PEACE source memberships: EffHunter_positive;EffectorP_2.0;EffectorP_3.0_positives;FunEffector-Pred;Predector_positive_sequences;WideEffHunter;fungtion_positive_sequences; Predector literature record	yes	2783fb5fa5697fe82c9fbee29a7fb444d35d4b27f435371a73d0183d6a811c9e
N1JGD1		PEACE curated positives; Predector confirmed set	3d2a591fadbe7c398c1ac398371b3b2610a60d46; 90b8fc902f0b444e7f21adf75dae41a05931cc5f	Blumeria graminis	biotroph	118	2	0.016949	2016	hypersensitive response assay	PEACE source memberships: EffHunter_positive;EffectorP_2.0;EffectorP_3.0_positives;FunEffector-Pred;Predector_positive_sequences;WideEffHunter;fungtion_positive_sequences; Predector literature record	yes	79943deb66db3b148b8c20220f452c571c2667afae7190ecf37f943a39fcbb12
N1JHK8		PEACE curated positives; Predector confirmed set	3d2a591fadbe7c398c1ac398371b3b2610a60d46; 90b8fc902f0b444e7f21adf75dae41a05931cc5f	Blumeria graminis f. sp. hordei	biotroph	122	3	0.024590	2010	validated host-target interaction	PEACE source memberships: EffectorP_2.0_validation;EffectorP_3.0_positives;Predector_positive_sequences;WideEffHunter;fungtion_positive_sequences; Predector literature record	no	9c85a1f69dc1639de364897d0db503bf9d89f97409bc0f8cbb7a2019b3a881fb
N1JJE7		PEACE curated positives; PHI-base	90b8fc902f0b444e7f21adf75dae41a05931cc5f; v4.19	Blumeria graminis	biotroph	112	3	0.026786	2013	knockout virulence phenotype	Altered gene expression / gene regulation: silencing; PEACE source memberships: FunEffector-Pred;WideEffHunter;fungtion_positive_sequences	no	02ccac268b415863c76059c9edc7d01e604099a18128357d955b2a1a79f77d34
N1JJH4		PEACE curated positives; PHI-base	90b8fc902f0b444e7f21adf75dae41a05931cc5f; v4.19	Blumeria graminis	biotroph	126	3	0.023810	2016	hypersensitive response assay	Altered gene expression / gene regulation: silencing; PEACE source memberships: EffectorP_3.0_positives;FunEffector-Pred;WideEffHunter;fungtion_positive_sequences	yes	eddf8a37b840b0ea6c43942b9bf4713e96464899a5a1314425d6d1e6b6fcbbaa
N1JJX4		PEACE curated positives; PHI-base; Predector confirmed set	3d2a591fadbe7c398c1ac398371b3b2610a60d46; 90b8fc902f0b444e7f21adf75dae41a05931cc5f; v4.19	Blumeria graminis; Blumeria graminis f. sp. hordei	biotroph	118	3	0.025424	2013	knockout virulence phenotype; validated host-target interaction	Altered gene expression / gene regulation: silencing; PEACE source memberships: EffectorP_2.0_validation;EffectorP_3.0_positives;Predector_positive_sequences;fungtion_positive_sequences; Predector literature record	no	279e0bb7918ff96c5ded142806a4ec12cd5657f1881ea444a21a8e9024f57e91
N1JK84		PEACE curated positives; PHI-base	90b8fc902f0b444e7f21adf75dae41a05931cc5f; v4.19	Blumeria graminis	biotroph	299	5	0.016722	2013	knockout virulence phenotype	Altered gene expression / gene regulation: silencing; PEACE source memberships: EffHunter_positive;FunEffector-Pred;WideEffHunter;fungtion_positive_sequences	no	67f270735d7ed11e9efc77cfc72e39e74c10397707ea19cb868891948072b9eb
N1JK93		PEACE curated positives; PHI-base	90b8fc902f0b444e7f21adf75dae41a05931cc5f; v4.19	Blumeria graminis	biotroph	231	4	0.017316	2013	knockout virulence phenotype	Altered gene expression / gene regulation: silencing; PEACE source memberships: EffHunter_positive;FunEffector-Pred;WideEffHunter;fungtion_positive_sequences	no	860b3d21f0501da617fdaa7e203b596c7ca074999dfa5ae01c1275c9ea25ce6c
N1JN67		PEACE curated positives; PHI-base	90b8fc902f0b444e7f21adf75dae41a05931cc5f; v4.19	Blumeria graminis	biotroph	114	3	0.026316	2013	knockout virulence phenotype	Altered gene expression / gene regulation: silencing; PEACE source memberships: FunEffector-Pred;WideEffHunter;fungtion_positive_sequences	no	e471ec00f066311a3c35ff3f337076e6777f31c4624e92ec69aabdbf38238e96
N1JPG4		PEACE curated positives; PHI-base; Predector confirmed set	3d2a591fadbe7c398c1ac398371b3b2610a60d46; 90b8fc902f0b444e7f21adf75dae41a05931cc5f; v4.19	Blumeria graminis; Blumeria graminis f. sp. hordei	biotroph	155	5	0.032258	2015	knockout virulence phenotype; validated host-target interaction	Altered gene expression / gene regulation: silencing; PEACE source memberships: EffectorP_2.0_validation;EffectorP_3.0_positives;FunEffector-Pred;Predector_positive_sequences;WideEffHunter;fungtion_positive_sequences; Predector literature record	no	0a279547347445664ac45565bb41ff4c744ab88b5f19c1444e414a02eb1e197b
N1PIZ7		PEACE curated positives; PHI-base	90b8fc902f0b444e7f21adf75dae41a05931cc5f; v4.19	Dothistroma septosporum	unknown	165	8	0.048485	2014	hypersensitive response assay	Gene mutation; PEACE source memberships: FunEffector-Pred;WideEffHunter;fungtion_positive_sequences	yes	d375eaf31642b1186e0d8867a7d72e6e51dc2a2473bf03a48d0d3a2d420ecfaa
N1RSS1		PHI-base	v4.19	Fusarium oxysporum	hemibiotroph	185	2	0.010811	2022	hypersensitive response assay	Gene deletion: full; gene complementation	yes	e50dc8d4810dcc8b290756897eaa61ef867645e837f6731a857e866b7900d0c5
N4V2U6		PHI-base	v4.19	Colletotrichum orbiculare	hemibiotroph	99	3	0.030303	2021	hypersensitive response assay	Functional test in host: transient expression	yes	903e1aeccbb936f26498f5943d84e5c5fa5b1510991e18441b7843aa36809fcf
N4VVN8		PHI-base	v4.19	Colletotrichum orbiculare	hemibiotroph	70	6	0.085714	2021	hypersensitive response assay	Functional test in host: transient expression	yes	a4e861e72bc1edb19b1916417f9325be436540e18434af445a4224f9d213b359
O42718		PEACE curated positives; PHI-base	90b8fc902f0b444e7f21adf75dae41a05931cc5f; v4.19	Phytophthora infestans	hemibiotroph	185	7	0.037838	2006	hypersensitive response assay	Functional test in host: transient expression; PEACE source memberships: EffHunter_positive;WideEffHunter	yes	4d58e2149b0a69efd46b53a3807740d415c23897ff0ac2af3c33b75011c3f518
O42719		PEACE curated positives; PHI-base	90b8fc902f0b444e7f21adf75dae41a05931cc5f; v4.19	Phytophthora infestans	hemibiotroph	189	7	0.037037	2006	hypersensitive response assay	Functional test in host: transient expression; PEACE source memberships: EffHunter_positive;EffectorP_3.0_positives;WideEffHunter;fungtion_positive_sequences;pooe_positive_sequences	yes	1c5f8f99998ef850779077f646b91c475f6493aca05f337bc379a4569a2bdd9d
O42830		PEACE curated positives; PHI-base	90b8fc902f0b444e7f21adf75dae41a05931cc5f; v4.19	Phytophthora nicotianae	hemibiotroph	268	24	0.089552	1997	hypersensitive response assay	Biochemical analysis; PEACE source memberships: EffHunter_positive;EffectorP_3.0_positives;WideEffHunter;fungtion_positive_sequences	yes	244d324d5e60dfd01bfdd1d94f40efbdc937ae5e803ac6bde138d49b13cbc1c1
P0CT27		PHI-base	v4.19	Ustilago maydis	biotroph	162	0	0.000000	2024	hypersensitive response assay	Gene deletion: full	yes	90a31d38a1a6f617480dab47ab38754a8581899a217ccc333aa37dab7ead6ce6
P0CU91	P0CU91	PEACE curated positives; PHI-base	90b8fc902f0b444e7f21adf75dae41a05931cc5f; v4.19	Plasmopara viticola; Plasmopara viticola (Downy mildew of grapevine) (Botrytis viticola)	unknown	158	1	0.006329	2019	hypersensitive response assay	Other evidence: transgenic plants; PEACE source memberships: EffectorP_3.0_positives;pooe_positive_sequences	yes	4ab4e94168808cd15c9b1a775c6ae9f119756981a356906c70ea7624b088c3a3
P22287	P22287	PEACE curated positives; PHI-base; Predector confirmed set	3d2a591fadbe7c398c1ac398371b3b2610a60d46; 90b8fc902f0b444e7f21adf75dae41a05931cc5f; v4.19	Fulvia fulva; Fulvia fulva (Tomato leaf mold) (Passalora fulva); Passalora fulva	biotroph	63	7	0.111111	1988	hypersensitive response assay	Gene deletion; gene complementation; biochemical evidence; PEACE source memberships: EffHunter_positive;EffectorP_1.0;EffectorP_2.0;EffectorP_3.0_positives;FunEffector-Pred;Predector_positive_sequences;WideEffHunter;fungtion_positive_sequences; Predector literature record	yes	a8a90965ded24cc79d76269eecd74aa16882e0e6185298f4e58520cb92115856
P78737		PEACE curated positives; PHI-base	90b8fc902f0b444e7f21adf75dae41a05931cc5f; v4.19	Pyrenophora tritici-repentis	necrotroph	178	2	0.011236	2018	hypersensitive response assay	Gene deletion: full; other evidence: fungal crossing; PEACE source memberships: FunEffector-Pred	yes	b6d4ca4e1ba1a21ed5bce8439be0ce86e4428caaa75e2a838b489d085d1f2156
P79085	P79085	PHI-base	v4.19	Alternaria alternata; Alternaria alternata (Alternaria rot fungus) (Torula alternata)	unknown	157	5	0.031847	2025	hypersensitive response assay	Gene deletion: full ; gene complementation	yes	c6818ce5fdd9aae2e2c32d47b7be6a515fe50236080bd48b737858bd44984c8a
PHI:8149		PEACE curated positives; Predector confirmed set	3d2a591fadbe7c398c1ac398371b3b2610a60d46; 90b8fc902f0b444e7f21adf75dae41a05931cc5f	Blumeria graminis f. sp. hordei	biotroph	75	0	0.000000	2018	validated host-target interaction	PEACE source memberships: Predector_positive_sequences;WideEffHunter; Predector literature record	no	c4205e03faf51a6da8e2a6f67d0ae310d4a66de4da4364172721cc1a5be21bb9
PaMiSSP10b		Predector confirmed set	3d2a591fadbe7c398c1ac398371b3b2610a60d46	Pisolithus albus	unknown	111	2	0.018018	2020	validated host-target interaction	Predector literature record	unknown	870f84b597bc1ecc6f4b87069985404d329bb44584309208a44e4d850c5bb457
PiSNE1		PEACE curated positives; Predector confirmed set	3d2a591fadbe7c398c1ac398371b3b2610a60d46; 90b8fc902f0b444e7f21adf75dae41a05931cc5f	Phytophthora infestans	hemibiotroph	291	0	0.000000	2010	validated host-target interaction	PEACE source memberships: EffectorP_3.0_positives;pooe_positive_sequences; Predector literature record	no	d73088452726a7fde8ee1ed7030676a9770ff0faac5793ae566a04041bd2026b
Q00363	Q00363	PEACE curated positives; PHI-base; Predector confirmed set	3d2a591fadbe7c398c1ac398371b3b2610a60d46; 90b8fc902f0b444e7f21adf75dae41a05931cc5f; v4.19	Fulvia fulva; Fulvia fulva (Tomato leaf mold) (Passalora fulva); Passalora fulva	biotroph	135	8	0.059259	1994	hypersensitive response assay	Biochemical analysis; gene mutation: characterised; gene complementation; PEACE source memberships: EffHunter_positive;EffectorP_1.0;EffectorP_2.0;EffectorP_3.0_positives;Predector_positive_sequences;WideEffHunter; Predector literature record	yes	2b225f7233e1cff383a1e4bf8d569c845c434d12a06d965f5d641d176f7264f2
Q00365		PEACE curated positives; PHI-base	90b8fc902f0b444e7f21adf75dae41a05931cc5f; v4.19	Fulvia fulva	biotroph	165	4	0.024242	1997	knockout virulence phenotype	Gene deletion; PEACE source memberships: EffHunter_positive;EffectorP_1.0;EffectorP_2.0;EffectorP_3.0_positives;FunEffector-Pred;Predector_positive_sequences;WideEffHunter;fungtion_positive_sequences	yes	b938e4a0dec521d9edb3fa57bac31064f6a60c99320dc80ca985b379daf77b5c
Q01145		PEACE curated positives; PHI-base	90b8fc902f0b444e7f21adf75dae41a05931cc5f; v4.19	Magnaporthe oryzae	hemibiotroph	147	2	0.013605	1995	hypersensitive response assay	Gene complementation; PEACE source memberships: FunEffector-Pred	yes	bd8266ea196d66be04d1084c2565cd4153b813ef9ebb6c5a91843a672712d795
Q01905		PEACE curated positives; PHI-base	90b8fc902f0b444e7f21adf75dae41a05931cc5f; v4.19	Phytophthora infestans	hemibiotroph	118	6	0.050847	1998	hypersensitive response assay	Gene disruption; PEACE source memberships: EffHunter_positive;EffectorP_3.0_positives;WideEffHunter	yes	3bb6c9b840afde38db2a74949ca68ddb50c0fc4bc73ead7923337c051313b196
Q02039		PEACE curated positives; PHI-base	90b8fc902f0b444e7f21adf75dae41a05931cc5f; v4.19	Rhynchosporium commune	unknown	82	10	0.121951	1995	hypersensitive response assay	Other evidence; PEACE source memberships: EffHunter_positive;EffectorP_1.0;EffectorP_2.0;EffectorP_3.0_positives;FunEffector-Pred;Predector_positive_sequences;WideEffHunter;fungtion_positive_sequences	yes	ba2069d59df4b60dc641471152ba22d2de2967bdd7c3b2b5a91bd3ee4cbf6433
Q09QS2		PEACE curated positives; Predector confirmed set	3d2a591fadbe7c398c1ac398371b3b2610a60d46; 90b8fc902f0b444e7f21adf75dae41a05931cc5f	Blumeria graminis f. sp. tritici	biotroph	177	3	0.016949	2006	hypersensitive response assay	PEACE source memberships: EffHunter_positive;EffectorP_2.0;Predector_positive_sequences;WideEffHunter;fungtion_positive_sequences; Predector literature record	yes	89ef078a4ef0da8525756358a354a2ba561e21c86f244400bd3f9efa04a9cc29
Q09QS3		PEACE curated positives; Predector confirmed set	3d2a591fadbe7c398c1ac398371b3b2610a60d46; 90b8fc902f0b444e7f21adf75dae41a05931cc5f	Blumeria graminis f. sp. tritici	biotroph	286	4	0.013986	2006	hypersensitive response assay	PEACE source memberships: EffectorP_1.0;Predector_positive_sequences;WideEffHunter; Predector literature record	yes	8470f1f1d332d0d086a5be3338ef91242a29dacd9dfe753618d0337a06bdf378
Q1HBK6		Predector confirmed set	3d2a591fadbe7c398c1ac398371b3b2610a60d46	Melampsora lini	biotroph	150	1	0.006667	2007	hypersensitive response assay	Predector literature record	yes	c4805065a4747c86d3e87a4633c79ca9b722c4228c3fde281822fc6fcc7930eb
Q258K5		PEACE curated positives; PHI-base; Predector confirmed set	3d2a591fadbe7c398c1ac398371b3b2610a60d46; 90b8fc902f0b444e7f21adf75dae41a05931cc5f; v4.19	Leptosphaeria maculans	hemibiotroph	205	1	0.004878	2006	hypersensitive response assay	Gene disruption; PEACE source memberships: EffHunter_positive;EffectorP_1.0;EffectorP_2.0;EffectorP_3.0_positives;FunEffector-Pred;Predector_positive_sequences;WideEffHunter;fungtion_positive_sequences; Predector literature record	yes	8fe774ad57a7a78fffc990bd23590de7911132083cd31de9784dc233a5aadf08
Q2A0P0		PEACE curated positives; Predector confirmed set	3d2a591fadbe7c398c1ac398371b3b2610a60d46; 90b8fc902f0b444e7f21adf75dae41a05931cc5f	Fusarium oxysporum f. sp. lycopersici	hemibiotroph	242	6	0.024793	2008	hypersensitive response assay	PEACE source memberships: EffHunter_positive;EffectorP_1.0;EffectorP_2.0;EffectorP_3.0_positives;FunEffector-Pred;Predector_positive_sequences;WideEffHunter;fungtion_positive_sequences; Predector literature record	yes	2b1b5ec47a25021a4b142355b17d74509ba056a88efb90baf5d79325a6c924a1
Q2A0P1		PEACE curated positives; Predector confirmed set	3d2a591fadbe7c398c1ac398371b3b2610a60d46; 90b8fc902f0b444e7f21adf75dae41a05931cc5f	Fusarium oxysporum f. sp. lycopersici	hemibiotroph	163	3	0.018405	2007	hypersensitive response assay	PEACE source memberships: EffHunter_positive;EffectorP_1.0;EffectorP_2.0;EffectorP_3.0_positives;Predector_positive_sequences;WideEffHunter;fungtion_positive_sequences; Predector literature record	yes	b3a80835e4c6eb45022a732fc02f4f37ee047ea76ea9fb1c557f5c2bbc6f594a
Q2KEJ2	Q2KEJ2	PEACE curated positives; Predector confirmed set	3d2a591fadbe7c398c1ac398371b3b2610a60d46; 90b8fc902f0b444e7f21adf75dae41a05931cc5f	Magnaporthe oryzae; Pyricularia oryzae (strain 70-15 / ATCC MYA-4617 / FGSC 8958) (Rice blast fungus) (Magnaporthe oryzae)	hemibiotroph	198	2	0.010101	1962	validated host-target interaction	PEACE source memberships: EffectorP_3.0_positives;fungtion_positive_sequences; Predector literature record	no	5b31edd81eb77e288ba940764cfc24180d0b633e0265362635c7ae7967053b3e
Q2MV43		PEACE curated positives; PHI-base; Predector confirmed set	3d2a591fadbe7c398c1ac398371b3b2610a60d46; 90b8fc902f0b444e7f21adf75dae41a05931cc5f; v4.19	Melampsora lini	biotroph	117	11	0.094017	2005	hypersensitive response assay	Functional test in host: transient expression; PEACE source memberships: EffHunter_positive;EffectorP_1.0;EffectorP_2.0;EffectorP_3.0_positives;FunEffector-Pred;Predector_positive_sequences;WideEffHunter;fungtion_positive_sequences; Predector literature record	yes	dd386f9044f74ace5ed8d6120dcac26a21eac04b242d2fab1b30ee54d3e793d2
Q2MV46		PEACE curated positives; PHI-base; Predector confirmed set	3d2a591fadbe7c398c1ac398371b3b2610a60d46; 90b8fc902f0b444e7f21adf75dae41a05931cc5f; v4.19	Melampsora lini	biotroph	314	1	0.003185	2005	hypersensitive response assay	Functional test in host: transient expression; PEACE source memberships: EffHunter_positive;EffectorP_1.0;EffectorP_2.0;EffectorP_3.0_positives;FunEffector-Pred;Predector_positive_sequences;WideEffHunter;fungtion_positive_sequences; Predector literature record	yes	b99d37156a7799b70a76ec8fe34e4f163a867237ef86a99c206b75316bb850b3
Q2MV49		PEACE curated positives; PHI-base; Predector confirmed set	3d2a591fadbe7c398c1ac398371b3b2610a60d46; 90b8fc902f0b444e7f21adf75dae41a05931cc5f; v4.19	Melampsora lini	biotroph	95	7	0.073684	2005	hypersensitive response assay	Functional test in host: transient expression; PEACE source memberships: EffHunter_positive;EffectorP_1.0;EffectorP_2.0;EffectorP_3.0_positives;Predector_positive_sequences;WideEffHunter;fungtion_positive_sequences; Predector literature record	yes	f13cc15bdff38204ed9a2a72335c6f8908ff74dce88470bf677af709d3f3281d
Q4P999		PHI-base	v4.19	Ustilago maydis	biotroph	447	2	0.004474	2024	hypersensitive response assay	Gene deletion: full	yes	2a324eff853fc8cd4717cf597f8001abd510c69e56a50daa90c1f79b82633464
Q4P9A0		PHI-base	v4.19	Ustilago maydis	biotroph	363	2	0.005510	2024	hypersensitive response assay	Gene deletion: full	yes	5a11adc964c69ec116818b460f3417adae1060bdadc387b3b0469fd636c2733b
Q4PCM2		PHI-base	v4.19	Ustilago maydis	biotroph	302	1	0.003311	2024	hypersensitive response assay	Gene deletion: full	yes	ecfd624ab6e6a6f57299cf4a8450942dffc83a3f8dd56762c1c916b4408d5ba4
Q4PCM4		PHI-base	v4.19	Ustilago maydis	biotroph	450	0	0.000000	2024	hypersensitive response assay	Gene deletion: full	yes	78554b3e42fe9f8f25c4b9ada64c7bdfaa5ae8aedfcbadf880915cbd698fd8db
Q4PCM5		PHI-base	v4.19	Ustilago maydis	biotroph	447	0	0.000000	2024	hypersensitive response assay	Gene deletion: full	yes	62f14416d345e005b422dd572fc1e0745a4cd95da66c8dc00a28976cc8533923
Q4PCM6		PHI-base	v4.19	Ustilago maydis	biotroph	487	0	0.000000	2024	hypersensitive response assay	Gene deletion: full	yes	442b49230bbc9b5ad3b6c4e9979663f867678b4e7cea01233ceb8c0a14ba513f
Q4PDL7		PEACE curated positives; PHI-base	90b8fc902f0b444e7f21adf75dae41a05931cc5f; v4.19	Ustilago maydis	biotroph	430	0	0.000000	2024	hypersensitive response assay	Gene deletion: full; PEACE source memberships: EffHunter_positive;EffectorP_2.0;EffectorP_3.0_positives;FunEffector-Pred;Predector_positive_sequences;WideEffHunter;fungtion_positive_sequences	yes	2bc2beb1f4da7a4a9134ae70fc873041299e233d7c3887d1b57fc510a6622609
Q4VKJ1		PEACE curated positives; PHI-base	90b8fc902f0b444e7f21adf75dae41a05931cc5f; v4.19	Hyaloperonospora arabidopsidis	unknown	323	2	0.006192	2007	hypersensitive response assay	Functional test in host: transient expression; PEACE source memberships: WideEffHunter	yes	abea4cbffee0fb105ab566d56d20add108e39f77daf3b02798350a5c84cc7a2d
Q4VKJ6	M4B6G6	PEACE curated positives; PHI-base	90b8fc902f0b444e7f21adf75dae41a05931cc5f; v4.19	Hyaloperonospora arabidopsidis; Hyaloperonospora arabidopsidis (strain Emoy2) (Downy mildew agent) (Peronospora arabidopsidis)	unknown	311	3	0.009646	2005	hypersensitive response assay	Functional test in host: transient expression; PEACE source memberships: EffectorP_3.0_positives	yes	6d861d2c3b5b036401789d61c9b12dc605a7d8beab26236d757359e614ccaa42
Q56VT8		PEACE curated positives; Predector confirmed set	3d2a591fadbe7c398c1ac398371b3b2610a60d46; 90b8fc902f0b444e7f21adf75dae41a05931cc5f	Phytophthora parasitica	hemibiotroph	556	18	0.032374	2014	hypersensitive response assay	PEACE source memberships: EffectorP_3.0_positives; Predector literature record	yes	2e0e0318c7cdcc74ebe1003e0cd37e385af5dacdb96b45ee3586cf025d272aff
Q5G7K8	Q5G7K8	PEACE curated positives; PHI-base	90b8fc902f0b444e7f21adf75dae41a05931cc5f; v4.19	Hyaloperonospora arabidopsidis; Hyaloperonospora arabidopsidis (Peronospora arabidopsidis)	unknown	154	0	0.000000	2011	hypersensitive response assay	Functional test in host: transient expression; PEACE source memberships: WideEffHunter	yes	d9ab1b3f599475ecec602c1020e3892a295a44556e7617116e26787ba57fa219
Q5G7L2	M4C367	PEACE curated positives; PHI-base	90b8fc902f0b444e7f21adf75dae41a05931cc5f; v4.19	Hyaloperonospora arabidopsidis; Hyaloperonospora arabidopsidis (strain Emoy2) (Downy mildew agent) (Peronospora arabidopsidis)	unknown	187	0	0.000000	2007	hypersensitive response assay	Functional test in host: transient expression; PEACE source memberships: pooe_positive_sequences	yes	a55f91362cf06f5765fdbf2e7fddb19e045fcc029be82bc842ec5024f820d7a7
Q5G7L3		PEACE curated positives; PHI-base	90b8fc902f0b444e7f21adf75dae41a05931cc5f; v4.19	Hyaloperonospora arabidopsidis	unknown	187	0	0.000000	unknown	hypersensitive response assay	Other evidence; PEACE source memberships: EffectorP_3.0_positives	yes	153ccee05e46fb1b5eb3827b93eff7748873cf5eb0ac74d95e376929aaaad024
Q5TIP4		PEACE curated positives; PHI-base	90b8fc902f0b444e7f21adf75dae41a05931cc5f; v4.19	Botrytis cinerea	necrotroph	333	8	0.024024	2008	hypersensitive response assay	Functional test in host; PEACE source memberships: EffHunter_positive;FunEffector-Pred;WideEffHunter;fungtion_positive_sequences	yes	30c60f11479c82568487b8038ff81f8f0e98640de9351c0e3c87d604db696f91
Q5VB04		PEACE curated positives; PHI-base; Predector confirmed set	3d2a591fadbe7c398c1ac398371b3b2610a60d46; 90b8fc902f0b444e7f21adf75dae41a05931cc5f; v4.19	Fulvia fulva; Passalora fulva	biotroph	121	6	0.049587	1999	hypersensitive response assay	Other evidence; PEACE source memberships: EffHunter_positive;EffectorP_1.0;EffectorP_2.0;EffectorP_3.0_positives;FunEffector-Pred;Predector_positive_sequences;WideEffHunter;fungtion_positive_sequences; Predector literature record	yes	bea45852148bb5d5d7ef0601ce3802a397716f43783afd710c8e818927bb2142
Q6PQG3	Q6PQG3	PEACE curated positives; PHI-base	90b8fc902f0b444e7f21adf75dae41a05931cc5f; v4.19	Phytophthora infestans; Phytophthora infestans (Potato late blight agent) (Botrytis infestans)	hemibiotroph	224	16	0.071429	2005	hypersensitive response assay	Functional test in host: transient expression; PEACE source memberships: EffHunter_positive;WideEffHunter;fungtion_positive_sequences	yes	13c3b22efafa7647633cb8a9555ce17b7b0e6009a89d95aec027392ce7a3e45a
Q6PQH2	Q6PQH2	PEACE curated positives; PHI-base	90b8fc902f0b444e7f21adf75dae41a05931cc5f; v4.19	Phytophthora infestans; Phytophthora infestans (Potato late blight agent) (Botrytis infestans)	hemibiotroph	149	10	0.067114	2004	hypersensitive response assay	Functional test in host: transient expression; PEACE source memberships: EffectorP_3.0_positives;WideEffHunter;pooe_positive_sequences	yes	9b3de4b72d447b11a9a7136b082c74533ab556fa8020b7e5ac24696e804cc33f
Q6R656		Predector confirmed set	3d2a591fadbe7c398c1ac398371b3b2610a60d46	Melampsora lini	biotroph	150	2	0.013333	2004	hypersensitive response assay	Predector literature record	yes	d274acb6c933101bd03519a8b33d1e809d2a4fbfc49a0eba17f61192ccc6311e
Q6R659		PEACE curated positives; PHI-base; Predector confirmed set	3d2a591fadbe7c398c1ac398371b3b2610a60d46; 90b8fc902f0b444e7f21adf75dae41a05931cc5f; v4.19	Melampsora lini	biotroph	150	2	0.013333	2004	hypersensitive response assay	Functional test in host: transient expression; PEACE source memberships: FunEffector-Pred; Predector literature record	yes	92b01ed453235666ea3bf0adbbe4e3c5d770528f75c0cb91de235a180f6f0f83
Q6R661		PEACE curated positives; PHI-base; Predector confirmed set	3d2a591fadbe7c398c1ac398371b3b2610a60d46; 90b8fc902f0b444e7f21adf75dae41a05931cc5f; v4.19	Melampsora lini	biotroph	150	1	0.006667	2004	hypersensitive response assay	Functional test in host: transient expression; PEACE source memberships: EffHunter_positive;EffectorP_1.0;EffectorP_2.0;EffectorP_3.0_positives;Predector_positive_sequences;WideEffHunter;fungtion_positive_sequences; Predector literature record	yes	fdc8b2f619dc3c4cdc1001ba3555b14de0eb071928a43aa01fc3fb8a91970561
Q6TA23		PEACE curated positives; PHI-base	90b8fc902f0b444e7f21adf75dae41a05931cc5f; v4.19	Phytophthora sojae	hemibiotroph	266	12	0.045113	unknown	hypersensitive response assay	Functional test in host: direct injection; PEACE source memberships: WideEffHunter	yes	bfd942872d01f782e9990ff98e007166bf3a78d9538242149d4b063513858335
Q6WER3		PEACE curated positives; PHI-base	90b8fc902f0b444e7f21adf75dae41a05931cc5f; v4.19	Fusarium graminearum	hemibiotroph	351	8	0.022792	2005	knockout virulence phenotype	Gene disruption; PEACE source memberships: EffHunter_positive;EffectorP_2.0;EffectorP_3.0_positives;FunEffector-Pred;Predector_positive_sequences;WideEffHunter;fungtion_positive_sequences	no	6b63589eca9968fdb13057bc0966685863aa9352ce93672a474bc5cd8ef748dc
Q6ZX14	G4MVZ2	PHI-base	v4.19	Magnaporthe oryzae; Pyricularia oryzae (strain 70-15 / ATCC MYA-4617 / FGSC 8958) (Rice blast fungus) (Magnaporthe oryzae)	hemibiotroph	4034	43	0.010659	2004	hypersensitive response assay	Gene deletion; gene complementation	yes	0cfef38a6a2a54890aa223a43e4a53388d937c9ba3af4c2d182f9089c27981ff
Q709D8		PEACE curated positives; PHI-base; Predector confirmed set	3d2a591fadbe7c398c1ac398371b3b2610a60d46; 90b8fc902f0b444e7f21adf75dae41a05931cc5f; v4.19	Fusarium oxysporum; Fusarium oxysporum f. sp. lycopersici	hemibiotroph	284	8	0.028169	2004	hypersensitive response assay	Gene disruption; PEACE source memberships: EffHunter_positive;EffectorP_1.0;EffectorP_2.0;EffectorP_3.0_positives;FunEffector-Pred;Predector_positive_sequences;WideEffHunter;fungtion_positive_sequences; Predector literature record	yes	5b9f257b65441fbc88ddcda6d8f3c6b2286b97ef2752781624a30024cec070f8
Q709E0		PEACE curated positives; PHI-base	90b8fc902f0b444e7f21adf75dae41a05931cc5f; v4.19	Fusarium oxysporum	hemibiotroph	232	8	0.034483	2015	hypersensitive response assay	Gene disruption; PEACE source memberships: EffHunter_positive;EffectorP_1.0;EffectorP_2.0;EffectorP_3.0_positives;FunEffector-Pred;Predector_positive_sequences;WideEffHunter;fungtion_positive_sequences	yes	a95a36d3ace66ab53efefc54e323f100f9e77cfa0b4c90f257c4874baa1c575c
Q709E2		PHI-base	v4.19	Fusarium oxysporum	hemibiotroph	284	8	0.028169	2004	hypersensitive response assay	Gene deletion; gene complementation	yes	032fa989465005f45268fda3eeb354a115e07d066fb9f4ce6d08901c37456f5f
Q84XU0		PEACE curated positives; PHI-base	90b8fc902f0b444e7f21adf75dae41a05931cc5f; v4.19	Phytophthora sojae	hemibiotroph	191	0	0.000000	2022	hypersensitive response assay	Gene deletion: full; gene complementation; gene mutation: characterised; PEACE source memberships: pooe_positive_sequences	yes	b17901008433366b31f1ee8eb0c070f64f1f525cbc08f6044f0d5b3c3e19b4bf
Q87W07		PHI-base	v4.19	Magnaporthe oryzae	hemibiotroph	488	0	0.000000	2017	hypersensitive response assay	Heterologous expression	yes	64711dc40a37f9aaaf84e3715bafdb3cf0cb77e8825434476d174d0e210ccdfb
Q8H6Z4	Q8H6Z4	PEACE curated positives; PHI-base	90b8fc902f0b444e7f21adf75dae41a05931cc5f; v4.19	Phytophthora infestans; Phytophthora infestans (Potato late blight agent) (Botrytis infestans)	hemibiotroph	456	3	0.006579	unknown	hypersensitive response assay	Functional test in host: transient expression; PEACE source memberships: EffectorP_3.0_positives;WideEffHunter;pooe_positive_sequences	yes	b4980cb795da4e4be7d8150e1806003cca6a115bc32238e1d0865ce700327185
Q8H6Z6	Q8H6Z6	PEACE curated positives; PHI-base	90b8fc902f0b444e7f21adf75dae41a05931cc5f; v4.19	Phytophthora infestans; Phytophthora infestans (Potato late blight agent) (Botrytis infestans)	hemibiotroph	431	4	0.009281	unknown	hypersensitive response assay	Functional test in host: transient expression; PEACE source memberships: EffectorP_3.0_positives;WideEffHunter;pooe_positive_sequences	yes	bea29e91e6038903a00e26db10a7771130f19f63dc0a460b5c4381ce1c2b10fa
Q8J180		PEACE curated positives; Predector confirmed set	3d2a591fadbe7c398c1ac398371b3b2610a60d46; 90b8fc902f0b444e7f21adf75dae41a05931cc5f	Magnaporthe oryzae	hemibiotroph	89	3	0.033708	2012	hypersensitive response assay	PEACE source memberships: EffHunter_positive;EffectorP_1.0;EffectorP_2.0;EffectorP_3.0_positives;FunEffector-Pred;Predector_positive_sequences;WideEffHunter;fungtion_positive_sequences; Predector literature record	yes	21adfd0a7415218547e6e4f1c809f639b9c86904f7bb8cb8eb3843ae6221281a
Q8NID8		PEACE curated positives; PHI-base; Predector confirmed set	3d2a591fadbe7c398c1ac398371b3b2610a60d46; 90b8fc902f0b444e7f21adf75dae41a05931cc5f; v4.19	Fulvia fulva; Passalora fulva	biotroph	78	8	0.102564	2002	hypersensitive response assay	Gene mutation; PEACE source memberships: EffHunter_positive;EffectorP_1.0;EffectorP_2.0;EffectorP_3.0_positives;FunEffector-Pred;Predector_positive_sequences;WideEffHunter;fungtion_positive_sequences; Predector literature record	yes	3ff3e3158cebf3d0b99478c5fb4315b96a938e018aef7ac712671801c8b68173
Q945T9	Q945T9	PEACE curated positives; PHI-base	90b8fc902f0b444e7f21adf75dae41a05931cc5f; v4.19	Phytophthora sojae; Phytophthora sojae (Soybean stem and root rot agent) (Phytophthora megasperma f. sp. glycines)	hemibiotroph	289	6	0.020761	unknown	hypersensitive response assay	Biochemical analysis; PEACE source memberships: EffHunter_positive;EffectorP_3.0_positives;WideEffHunter;fungtion_positive_sequences;pooe_positive_sequences	yes	c3ed069a0caf089cbd1caf97314a854964be6729b17c16d1f76784e3539a9264
Q945U0	Q945U0	PEACE curated positives; PHI-base	90b8fc902f0b444e7f21adf75dae41a05931cc5f; v4.19	Phytophthora sojae; Phytophthora sojae (Soybean stem and root rot agent) (Phytophthora megasperma f. sp. glycines)	hemibiotroph	257	6	0.023346	unknown	hypersensitive response assay	Biochemical analysis; PEACE source memberships: EffectorP_3.0_positives;WideEffHunter	yes	72989cd52c82d131c1e627243050ecf2ccd6c7c966d2efe6f90fbfc7d022733c
Q94FS7		PEACE curated positives; PHI-base	90b8fc902f0b444e7f21adf75dae41a05931cc5f; v4.19	Phytophthora cactorum	hemibiotroph	73	7	0.095890	unknown	hypersensitive response assay	Functional test in host: direct injection; PEACE source memberships: EffHunter_positive;EffectorP_3.0_positives;WideEffHunter;fungtion_positive_sequences	yes	89a649a149e7b8d429a79be43329b409717828a625d5b224a50785c55e5f513e
Q9AT28	Q9AT28	PEACE curated positives; PHI-base	90b8fc902f0b444e7f21adf75dae41a05931cc5f; v4.19	Phytophthora nicotianae; Phytophthora nicotianae (Potato buckeye rot agent) (Phytophthora parasitica)	hemibiotroph	237	2	0.008439	unknown	hypersensitive response assay	Functional test in host: direct injection; PEACE source memberships: EffectorP_3.0_positives	yes	02d88ab226d9dbef81904b74c470efa136b3f4b3e5308bf71e2b7b591065d17c
Q9AXL8		PEACE curated positives; PHI-base	90b8fc902f0b444e7f21adf75dae41a05931cc5f; v4.19	Phytophthora sojae	hemibiotroph	237	3	0.012658	unknown	hypersensitive response assay	Functional test in host: transient expression; PEACE source memberships: EffectorP_3.0_positives	yes	a6dbdf9f028e215f5eff7b4b9da9d32ffda4bc10341c444d4e543d52ec67f068
Q9C478		PHI-base	v4.19	Magnaporthe oryzae	hemibiotroph	223	8	0.035874	2001	hypersensitive response assay	Altered gene expression / gene regulation	yes	528e19492ea3574a461ceca7e40022d2586886adc22b2f03c43fd7905c802789
Q9SPD4		PHI-base	v4.19	Pythium aphanidermatum	unknown	234	2	0.008547	unknown	hypersensitive response assay	Functional test in host: direct injection	yes	50dc2b18ccaefedc5440b23aba2351ecbd186af3c5a7f5bf4af6eed5618f6d23
R0J3Y1		PHI-base	v4.19	Exserohilum turcicum	unknown	785	7	0.008917	2025	hypersensitive response assay	Gene deletion: full	yes	2ee291f3b4df59c45dc77eb53672e10eb4431ea1fd5f439556966e9d0b61b374
R0K2C5		PHI-base	v4.19	Exserohilum turcicum	unknown	135	4	0.029630	2022	hypersensitive response assay	Altered gene expression / gene regulation: silencing	yes	78ece6f605fa9b958dd1234cce9cb485548e0dbce93b4b31329fa2fce0cbc7ab
R0KGT7		PHI-base	v4.19	Exserohilum turcicum	unknown	993	4	0.004028	2022	hypersensitive response assay	Gene deletion: full	yes	7de2bf34e627997bb4f24d1b1642669e31b4dfe1d5bf19b8615118590799a12e
R9RX08		PEACE curated positives; Predector confirmed set	3d2a591fadbe7c398c1ac398371b3b2610a60d46; 90b8fc902f0b444e7f21adf75dae41a05931cc5f	Magnaporthe oryzae	hemibiotroph	85	2	0.023529	2013	hypersensitive response assay	PEACE source memberships: EffHunter_positive;EffectorP_1.0;EffectorP_2.0;EffectorP_3.0_positives;FunEffector-Pred;Predector_positive_sequences;WideEffHunter;fungtion_positive_sequences; Predector literature record	yes	f5d059364dec052e3dafbb5387f0a20615ed6debfdbf3b2668a2206d304b7e37
V5TFR9		PEACE curated positives; PHI-base; Predector confirmed set	3d2a591fadbe7c398c1ac398371b3b2610a60d46; 90b8fc902f0b444e7f21adf75dae41a05931cc5f; v4.19	Leptosphaeria maculans	hemibiotroph	141	7	0.049645	2013	hypersensitive response assay	Functional test in host: transient expression; PEACE source memberships: EffHunter_positive;EffectorP_2.0_validation;EffectorP_3.0_positives;Predector_positive_sequences;WideEffHunter;fungtion_positive_sequences; Predector literature record	yes	2510fb9c50e241f29c68b615b3b63c7a17fa8bbd004aff8d1578604349cb54ba
W2PVL9		PHI-base	v4.19	Phytophthora nicotianae	hemibiotroph	517	1	0.001934	2022	hypersensitive response assay	Altered gene expression / gene regulation: overexpression; other evidence: transgenic plants	yes	9fbe11cc1b6d61114591d07e07de55ee3e9000efdde8e6a3d81ffe55f0f8d4f8
W2RAR9		PHI-base	v4.19	Phytophthora nicotianae	hemibiotroph	201	2	0.009950	2022	hypersensitive response assay	Altered gene expression / gene regulation: overexpression; other evidence: transgenic plants	yes	ea475ce52c56924942561dbac2cc8846da9b76e4ad0c7dd9013b76bc4ff87205
W9ZT25		PEACE curated positives; PHI-base	90b8fc902f0b444e7f21adf75dae41a05931cc5f; v4.19	Fusarium oxysporum	hemibiotroph	167	2	0.011976	2015	hypersensitive response assay	Gene mutation; gene complementation; PEACE source memberships: EffectorP_3.0_positives;FunEffector-Pred;Predector_positive_sequences;WideEffHunter;fungtion_positive_sequences	yes	8a186081d60373b6dfd0a509c7845c30e7a7674323e406e9572317c33c5d6ef3
X0J790		PHI-base	v4.19	Fusarium oxysporum	hemibiotroph	278	8	0.028777	2024	hypersensitive response assay	Gene deletion: full ; gene complementation	yes	5a56d36739721eb0c70de7e167408348cc4c2c3b80def30bb958e1ab971c2b15
X0JFE5		PHI-base	v4.19	Fusarium oxysporum	hemibiotroph	242	4	0.016529	2022	hypersensitive response assay	Gene deletion: full; gene complementation	yes	b9023bbf7e767ca584408be918552fbc215f2fb5eeab2ca5b0f46dc8b8a1b839
X0K540		PHI-base	v4.19	Fusarium oxysporum	hemibiotroph	210	0	0.000000	2025	hypersensitive response assay	Gene deletion: full ; gene complementation	yes	09ade386e3a45ddfd40c3b98a9a33bbf43341487c6bccd12041f1e4d4634b7d6
X0KJP1		PHI-base	v4.19	Fusarium oxysporum	hemibiotroph	350	8	0.022857	2021	hypersensitive response assay	Gene deletion: full; gene complementation	yes	1e63a9544e9051c023c321cde0449d00dcdd1f5de44005c14b8dc36a58290bfa
X0L985		PHI-base	v4.19	Fusarium oxysporum	hemibiotroph	256	16	0.062500	2023	hypersensitive response assay	Gene deletion: full	yes	3064c568a44bde40a2637732d6f6879def10b46cc0b57fb443bde6521f23d6d7
ZtAvrStb6		PEACE curated positives; Predector confirmed set	3d2a591fadbe7c398c1ac398371b3b2610a60d46; 90b8fc902f0b444e7f21adf75dae41a05931cc5f	Zymoseptoria tritici	hemibiotroph	82	12	0.146341	2017	hypersensitive response assay	PEACE source memberships: EffHunter_positive;EffectorP_2.0;EffectorP_3.0_positives;FunEffector-Pred;Predector_positive_sequences;WideEffHunter;fungtion_positive_sequences; Predector literature record	yes	fa10c86e8f6dd6a0fc8c276cf958629747418d82a4b70b7ebb9af48b9defd135
